id,name,grade,category,tag_name,book_num
106521,流浪方舟,0.0,卡牌,"['卡牌', '策略', '像素风', '蒸汽朋克']",1
106588,锚点降临,8.7,卡牌,"['卡牌', '锚点降临', '美少女', '动作', '养成']",6709
103772,交错核心,8.6,角色扮演,"['角色扮演', '机娘', '机甲', '剧情', '二次元', '养成']",4676
106607,星之守护,10.0,卡牌,"['卡牌', '古风角色扮演', 'Q版', '放置挂机', '策略卡牌', '养成']",12
106611,烟雨长安,0.0,养成,"['养成', '古风', '宫斗', '养成']",13
106544,上古卷轴：刀锋,10.0,角色扮演,"['角色扮演', '上古卷轴刀锋', '老滚5', '刀锋', '上古卷轴', '上古卷轴5']",136
106564,魔界军团,0.0,放置,"['放置', '卡牌', '魔幻', '魔兽', '放置']",3
106545,商海风云,9.0,模拟经营,"['模拟经营', '策略', '3D', '自由', '建造', '城市']",51
106563,了凡录,9.3,角色扮演,"['角色扮演', '回合', '国风', '角色扮演', '仙侠', 'mmorpg']",204
106580,蛋仔派对,3.1,休闲,"['休闲', '治愈', '潮玩', '派对', '休闲', '竞技']",4095
106560,盛唐烟雨,8.7,角色扮演,"['角色扮演', '古风', '剧情', '捏脸', '恋爱', '换装']",208
106469,花札物语,10.0,策略,"['策略', '策略', '卡牌', '和风', '二次元', '花札']",229
106529,坦克纪元,2.0,策略,"['策略', '策略', '手游', '红警', '战争', '坦克']",15
106514,古神遗踪,7.0,回合战略,"['回合战略', '风格独特的Roguelike回合制游戏', '暗黑国风']",28
106548,誓灵,9.0,卡牌,"['卡牌', 'roundlike']",55
106525,魔力宝贝归来,2.0,角色扮演,"['角色扮演', '角色扮演', '怀旧', '放置', '回合制']",85
106534,代号：ATLAS,5.6,多人对战,"['多人对战', '开放世界', '海洋', '射击', '探索', '冒险']",11933
106543,军师请布阵,8.0,卡牌,"['卡牌', '世界冠军', '10vs10', '回合制', '三国自走棋']",27
106547,神将三国,8.0,策略,"['策略', '策略', '卡牌', '即时战斗', '三国', '战争']",85
106467,梦幻仙语,10.0,回合战略,"['回合战略', '挂机', '抓鬼', '封神', '回合制', '仙兽']",34
106204,宝贝原生,4.8,卡牌,"['卡牌', '宠物养成']",114
106518,神陵武装,7.3,格斗,"['格斗', '地下城', 'act', '横版格斗', 'dnf', '动作']",94
106533,芒果小镇,6.0,模拟经营,"['模拟经营', '模拟', '养成']",41
106482,盛世芳华,8.0,养成,"['养成', '唐风', '宫廷', '换装', '养成']",185
106519,邂逅在迷宫,8.8,角色扮演,"['角色扮演', '挂机', '福利', '二次元', '放置']",234
106523,魔卡之耀,9.3,卡牌,"['卡牌', '策略', '类Rogue', '美少女', '回合制']",66221
106515,乌龙院之活宝传奇,0.0,策略,"['策略', '乌龙院漫画', '鬼畜', '无厘头', '表情包', '乌龙院']",12
106511,足坛教父,5.0,体育竞技,"['体育竞技', '体育竞技', '卡牌', '模拟经营', '足球经理']",10
106512,九天剑仙,6.7,卡牌,"['卡牌', '卡牌', '九天剑仙']",26
106474,猫猫咖啡屋,8.0,模拟经营,"['模拟经营', '猫咪', '宠物', '猫咖', '养猫', '猫猫']",202
106476,自走棋MOBA,3.4,多人对战,"['多人对战', '电子竞技', 'MOBA', '免费', '自走棋', '公平']",5322
106486,来古弥新,9.9,其它,"['其它', '剧情', '国宝', '文物拟人', '传统文化']",18038
106478,弹雨,10.0,类Rogue,"['类Rogue', '弹幕射击', '赛博朋克', '角色扮演']",314
106487,森林狩猎,0.0,放置,"['放置', '策略', '卡牌', '放置', '养成']",47
106492,异常,7.6,策略,"['策略', '策略', '烧脑', '编程', '益智', '单机']",215
104096,古荒遗迹,7.2,角色扮演,"['角色扮演', 'ARPG', 'roguelike', '暗黑', '地牢', '冒险']",26692
106471,古镜记,10.0,文字,"['文字', '古风', '文字解谜', '国风', '胖布丁游戏']",585
106411,超级冒险王,8.7,MMORPG,"['MMORPG', '角色扮演']",270
106484,远方,9.6,休闲,"['休闲', '治愈', '休闲', '飞行', '音乐']",296
106450,咪莫,10.0,解谜,"['解谜', '手游', '独立', '解谜游戏', '益智', '单机']",193
106470,苍雾残响,9.6,策略,"['策略', '机娘', '巨大娘', '科幻', '棋盘战略', '二次元']",2799
106304,天剑奇缘,0.0,角色扮演,"['角色扮演', '二次元', '国风']",16
106440,净化,8.0,角色扮演,"['角色扮演', '猫娘', '娘化', '守护', '超可爱']",1501
106395,代号：花,9.7,角色扮演,"['角色扮演', '古风', '剧情']",6203
106320,召唤与合成2,9.9,休闲,"['休闲', '消除', '卡牌', '放置挂机', '二次元', '多人对战']",22920
106463,攻城三国志,4.0,策略,"['策略', '策略', '挂机', '攻城掠地', '三国志', '三国']",19
106455,来呀世界,0.0,益智,"['益智', 'DIY\\', '沙盒游戏', '高自由度']",39
106445,怪物工程师,6.0,养成,"['养成', '组队', 'build', '自由', '捏怪', '探索']",317
106353,零之战线,8.4,放置,"['放置', '卡牌', '战姬', '二次元', '回合制', '放置']",339
106421,御龙城堡,7.0,模拟经营,"['模拟经营', '卡牌', '建设', '角色扮演', '美女', '养成']",252
106438,咪呜记账簿,10.0,休闲,"['休闲', '萌宠', '记账', '可爱', '养猫', '猫']",794
106248,万仙萌,2.0,角色扮演,"['角色扮演', '放置挂机', '卡牌策略', '二次元', '角色扮演', '养成']",44
106367,遇见尊上,6.7,养成,"['养成', '恋爱换装', '换装收集', '恋爱手游', '仙侠', '女性手游']",880
106387,失落纹章,8.8,策略,"['策略', '策略', '战旗', 'CCG', '手机游戏', '二次元']",23379
106390,斗罗大陆：武魂觉醒,5.0,卡牌,"['卡牌', '卡牌', '轻松', '斗罗大陆', '休闲', '放置']",23176
106396,迷雾公式,8.4,策略,"['策略', '角色扮演', '策略战旗', 'SRPG', '二次元手游']",44757
106278,幻象回忆,8.2,角色扮演,"['角色扮演', '卡牌', '幻象回忆', '声优', '遗忘之境', '二次元']",15855
106365,加德尔契约,7.2,卡牌,"['卡牌', '卡牌游戏', '迷雾森林', '15V15']",23058
106236,魔神英雄传,8.8,卡牌,"['卡牌', '策略', '卡牌', '机甲', '回合制', '冒险']",1303
106362,太初行,8.7,卡牌,"['卡牌', '神话', '卡牌', '东方', '放置', '冒险']",22884
106245,银翼战机,8.0,射击,"['射击', '街机', 'Roguelike']",83
106131,天际征服,10.0,策略,"['策略', '策略', '卡牌', '卡牌对战', 'CCG', '万智牌']",68
106318,镇魂街：天生为王,9.2,动作,"['动作', '高画质', '漫改', 'ARPG', '热血', '动作']",127541
106350,幻境公主,10.0,放置,"['放置', '策略', '卡牌', '挂机', '二次元', '放置']",23127
106327,修仙在云端,7.3,角色扮演,"['角色扮演', '文字修仙', '策略搭配', '修真小说']",22765
106321,莽荒纪-纪宁传奇,0.0,卡牌,"['卡牌', '卡牌', '小说改编', '莽荒纪', '修仙', '动漫同名']",22703
106338,封神传奇,0.0,文字,"['文字', '角色扮演', '放置', '挂机', '修仙', '渡劫']",22733
106267,黑猫奇闻社,9.2,角色扮演,"['角色扮演', '推理', 'ACG', '解谜', '二次元', '奇幻']",35634
106275,呆萌骑士,0.0,策略,"['策略', '挂机', '骑士', '炉石传说', '放置', '呆萌']",23
106233,提灯与地下城,8.4,类Rogue,"['类Rogue', '地下城', '契约兽', '地牢', '角色扮演']",33653
106299,魂之刃2,7.3,角色扮演,"['角色扮演', '高画质', '少女', '角色扮演', '独立游戏', '硬核动作']",12145
106231,沧月战纪,5.6,卡牌,"['卡牌', '卡牌', '穿越', '塔防', '二次元', '放置']",473
105669,封神奇缘,10.0,放置,"['放置', '卡牌', '放置', '手游', '国风', '封神']",126
106243,伊甸领域,7.8,休闲,"['休闲', '音乐', '休闲', '敏捷']",783
106235,乌鸦森林,0.0,放置,"['放置', '卡牌', '回合', '放置', '丧尸', '末日']",50
105243,月神的迷宫,7.4,卡牌,"['卡牌', '二次元', '角色扮演', '卡牌']",49832
105934,不休的音符,6.5,音乐节奏,"['音乐节奏', '音乐', '休闲', '节奏']",1125
106210,无悔入华夏,9.1,策略,"['策略', '模拟', '历史', '多朝代', '随机事件', '独立游戏']",19086
106037,修仙世界,7.5,角色扮演,"['角色扮演', '仙侠类风']",137
106191,天命起源,6.2,放置,"['放置', '卡牌', '回合', '放置', '抽卡', '挂机']",309
105129,半盏复古行,9.6,模拟经营,"['模拟经营', '古董修复', '国漫风', '剧情', '合成消除', '休闲养成']",30120
106186,合金突击之孤胆枪侠,8.9,回合战略,"['回合战略', '卡牌', '射击', '冒险', '回合', 'Q版']",152
106182,妄想嘉年华,4.4,音乐节奏,"['音乐节奏', '音乐', '二次元', '音游', '赛博朋克', '说唱']",32959
106178,晴明传,4.4,卡牌,"['卡牌', '二次元', '卡牌', '日式', '和风', '晴明']",23720
106183,卓越世界,2.8,角色扮演,"['角色扮演', '社交', '仙侠']",41
106155,萌战三国志,7.4,卡牌,"['卡牌', '策略', '卡牌', '魔王降临', '轻国漫', '三国']",24290
106180,少前：云图计划,9.5,策略,"['策略', '策略', '养成', 'Roguelike', '少前', '云图计划']",160775
106152,战火使命,7.9,策略,"['策略', '羁绊', '守护', '二次元', '废土', '集结']",44985
106134,花开易梦阁,8.6,角色扮演,"['角色扮演', '恋爱', '换装', '手绘', 'AVG', '民国']",12163
106136,绝世战魂：前传,6.0,角色扮演,"['角色扮演', '角色扮演', 'MMO', '开放世界', '小说IP', '同名手游']",157
106088,仓鼠物语-甜蜜烘培屋,10.0,模拟经营,"['模拟经营', '模拟', '经营', '仓鼠']",23417
106110,卡拉比丘,9.4,射击,"['射击', '二次元', '多人竞技', '战术']",140282
106109,胡莱三国3,2.0,策略,"['策略', '策略', '三国', '国战', '胡来三国']",11601
106103,东方归言录,8.1,卡牌,"['卡牌', '二次元', '角色扮演', '美少女', '回合制', '东方Project']",144638
106004,猫咪公寓,9.2,养成,"['养成', '铲屎官', '撸猫', '猫咪', '动物餐厅', '云吸猫']",27609
106057,噩梦岛,4.7,放置,"['放置', '魔幻', '回合', '挂机']",23078
106072,命运边际,8.9,卡牌,"['卡牌', '卡牌', '萌', 'CV', '枪娘', '猛男必玩']",23337
106059,少前2：追放,9.7,回合战略,"['回合战略', '追放', '策略', '卡牌', '少前', '战棋']",206085
105972,全民武馆,2.0,卡牌,"['卡牌', '卡牌', '回合', '武侠', '江湖', '武林']",74
105744,新凡人修仙传,6.2,角色扮演,"['角色扮演', '修仙', '忘语', '凡人修仙传', '风起天南', '韩立']",681
106032,黎明之海,7.1,MMORPG,"['MMORPG', '冒险', '开放世界', '航海', '高自由度']",44767
106029,黎明航线,2.3,角色扮演,"['角色扮演', '二次元', '卡牌', '冒险', '航海', 'slg']",23288
106007,伊甸园的骄傲,8.5,角色扮演,"['角色扮演', '兽娘养成', '异世界幻想', '二次元', '角色扮演', '美少女']",195911
106009,全明星激斗,7.0,卡牌,"['卡牌', '策略', '卡牌', '格斗', '拳皇', 'SNK正版']",24400
105965,我的仙门,8.5,模拟经营,"['模拟经营', '蜀山', '剑仙', '模拟经营', '经营', '仙侠']",24974
105829,代号：B.E.E,5.0,角色扮演,"['角色扮演', '二次元', '动作', '科幻', '动漫改编']",39164
105691,挂机吧兄弟,5.0,卡牌,"['卡牌', '回合制', '三国', '挂机', 'Q版', '放置卡牌']",45
105969,踏马江湖,10.0,角色扮演,"['角色扮演', '水墨', '武侠', 'AVG', '红颜', '自定义命运']",23925
105931,熔芯聚变,8.7,回合战略,"['回合战略', '硬核', '赛博朋克', '后启示录', '射击', '战棋']",92754
105871,完美世界经典版,5.5,MMORPG,"['MMORPG', '冒险', '飞行', 'MMORPG', '完美世界', '完美世界经典版']",23177
105941,异次元主公,9.8,卡牌,"['卡牌', '卡牌', '异次元主公', '战姬', '即时战斗', '二次元']",23964
105809,逆火苍穹,10.0,角色扮演,"['角色扮演', '高自由度', 'MMORPG', '情缘']",22787
105939,末日雄师,7.2,卡牌,"['卡牌', '放置挂机', '策略卡牌', '僵尸', '角色扮演']",23760
105910,末世觉醒之入侵,7.3,MMORPG,"['MMORPG', '角色扮演', '人工智能', '废土', '末世']",23200
105944,剑侠世界3,8.9,角色扮演,"['角色扮演', '高画质', '武侠', '国风', '群战', 'MMORPG']",23840
105916,代号：23,8.8,策略,"['策略', '卡牌', '二次元', '即时战略', '攻防', '养成']",84482
105881,梦境重塑,9.7,角色扮演,"['角色扮演', '策略', '二次元', '剧情', '美少女']",60906
105685,全民疯乐战,10.0,策略,"['策略', '塔防', '休闲', '星际', '经营策略', 'TD']",124
105830,航海王热血航线,9.0,角色扮演,"['角色扮演', '3D', 'ACG', '航海王', '动漫', '动作']",61058
105848,超次元女神,8.0,卡牌,"['卡牌', '策略', '挂机', '美少女', '回合制', '放置']",23934
105551,王者降临,6.8,养成,"['养成', '二次元', '知名声优', '角色养成', '海量剧情']",26377
105768,风月幻想,4.0,角色扮演,"['角色扮演', '策略', '卡牌养成', '唐风']",104
105728,轻舞罗裳,8.0,养成,"['养成', '剧情', '收集', '男神', '免费小说', '换装养成']",406
105863,拔剑称王,5.0,策略,"['策略', '圆桌骑士', '战争策略', '亚瑟王传奇', '小局制SLG', '欧卡风']",96
105824,寻将online,2.2,MMORPG,"['MMORPG', '魔幻', '暗黑', 'PK', '副本']",295
104931,刀剑神域黑衣剑士：王牌,7.3,MMORPG,"['MMORPG', '二次元', '动漫', '动作', '3D', '冒险', '日系']",1825075
104846,终末阵线：伊诺贝塔,9.0,射击,"['射击', '二次元', '养成', '3D', '机甲', '弹幕射击']",375918
105693,全战天下,8.0,策略,"['策略', '策略', 'SLG']",219
105745,学园偶像季：群星闪耀,9.7,音乐节奏,"['音乐节奏', 'lovelive', '节奏动作RPG']",96264
105806,次元封神录,7.3,跑酷,"['跑酷', '跑酷', '横版', '西游', '封神', 'Q版']",22985
105778,商店英雄(Shop Heroes): 贸易大战,7.5,模拟经营,"['模拟经营', '手机游戏', '游戏', '手游', '模拟经营', '模拟经营手游']",162
105805,巨像文明,8.7,策略,"['策略', 'SLG', '多人', '经营', '建造', '战争策略']",22920
105764,猫灵相册,8.8,养成,"['养成', '二次元', '恋爱', '猫灵', '喵舞']",59040
105752,繁荣美食市场物语,10.0,模拟经营,"['模拟经营', '剧情', '美食', '治愈', '怀旧', '模拟经营']",862
105668,突袭：暗影传说,6.8,角色扮演,"['角色扮演', '策略', '卡牌', '收集', '回合', '西方魔幻']",23107
105727,造物梦工厂,10.0,模拟经营,"['模拟经营', '玩偶', 'DIY', '经营', '放置', '独立游戏']",2196
105722,拂晓,5.0,策略,"['策略', '舰娘', '美少女', '拂晓', '养成', '即时海战']",70326
104821,圣斗士星矢：正义传说,7.8,卡牌,"['卡牌', '正版授权', '圣斗士星矢']",22225
105791,三国奇兵,2.0,策略,"['策略', '策略', '收集养成', '三国']",90
105757,拾遗,8.7,策略,"['策略', '预约', '拾遗', '历史', '手机游戏', '文明']",82830
105714,幻想飞仙,8.0,角色扮演,"['角色扮演', '卡牌']",45
105167,极限竞速：街头传奇,10.0,竞速,"['竞速', '真实赛车']",22329
104596,宝石幻想：光芒重现,8.9,角色扮演,"['角色扮演', '魔女', '魔法', '偶像', '冒险', '3D', 'RPG', '剧情', '养成', '魔法偶像']",414801
104561,机动战姬：聚变,7.6,卡牌,"['卡牌', '二次元', '养成', '少女', '回合制', '机甲', '机娘', '机动战姬']",634346
104993,拾光梦行,8.4,角色扮演,"['角色扮演', '养成', '剧情', 'RPG', '3D', '冒险', '电影式', '都市奇幻']",287809
102769,灵笼：火种,8.8,角色扮演,"['角色扮演', '战斗', '灵笼', '国漫', '动画', '机甲', '3D', 'RPG', '动漫', '二次元', '国创']",994311
104921,悠久之树,9.0,角色扮演,"['角色扮演', '二次元', '养成', '剧情', '美少女', '悠久之树']",254118
104385,工匠与旅人,9.1,模拟经营,"['模拟经营', '策略', '养成', '休闲', '中世纪', '模拟经营', '种田']",207143
105501,空匣人型,8.0,动作,"['动作', '二次元', '养成', '即时战斗', 'ARPG', '美少女', '科幻']",262110
105765,叫我大掌柜,9.1,模拟经营,"['模拟经营', '模拟', '休闲', '经营', '放置', '古风']",12239
105286,王牌竞速,7.8,竞速,"['竞速', '漂移', '赛车', '休闲', '竞速', '飙车']",56013
105672,风之大冒险,5.6,角色扮演,"['角色扮演', '卡牌', 'RPG', '放置挂机', '二次元', '养成']",25433
105611,月夜狂想曲,5.0,动作,"['动作', '恶魔城', '月夜狂想曲']",30759
105468,星之彼端,9.0,类Rogue,"['类Rogue', '剧情', 'ARPG', 'roguelike', '二次元', '角色扮演']",633004
105670,猫之宿约者,9.3,文字,"['文字', 'AVG', '乙女', '剧情', '恋爱', '文字']",93765
105697,雷霆远征,3.3,策略,"['策略', '策略', '战锤', '星际', '战锤40K', '战锤40000']",58222
102557,超次元大冒险,9.0,类Rogue,"['类Rogue', 'Roguelike', '勇者', '魔王', '开放式', '超次元大冒险']",24206
105605,青空之刃,6.7,动作,"['动作', '二次元', '养成', '美少女', '机娘', '3D空战']",369872
105636,青箱,9.9,文字,"['文字', 'AVG', '青箱']",51849
105665,乱失落之岛,8.0,多人对战,"['多人对战', '角色扮演', '竞技', '沙盒', '生存', 'Steam移植']",59112
105470,永进,5.6,解谜,"['解谜', '冒险', '益智', '解密', '视觉系']",44669
105623,名将萌萌消,2.7,策略,"['策略', '卡牌', '放置', '三国', '挂机']",27219
105429,斗魂龙骑,7.5,角色扮演,"['角色扮演', '战斗', 'RPG', '冒险', '角色', '佣兵']",27503
105637,重返现场,8.0,解谜,"['解谜', '解谜', '独立游戏', '单机游戏', '悬疑推理', '法医']",34501
105606,战神遗迹,5.3,角色扮演,"['角色扮演', 'ARPG', '魔幻', '超进化', '风格战斗', '多元宇宙']",18850
105577,逍遥浪人,7.7,角色扮演,"['角色扮演', '角色扮演', '仙侠', '3DMMO', '绝世情缘', '自由空战']",31413
105557,如梦下弦月,8.6,养成,"['养成', '女性向', '剧情', '卡牌']",33210
105556,独奏骑士,6.0,角色扮演,"['角色扮演', 'ARPG', '放置', '刷刷刷', 'BUILD', '油画风']",4572
105499,天降神姬：再临,6.2,角色扮演,"['角色扮演', '养成', '角色扮演', '卡牌', 'ARPG']",4639
105058,时空猎人3,6.4,动作,"['动作', '横版格斗', '爽快刷图']",57009
105507,修普诺斯,7.4,卡牌,"['卡牌', '策略', '卡牌', '解谜', '赛博朋克']",40282
105534,女皇殿下-恋爱养成日记,8.0,养成,"['养成', '养成', '单机', '女皇']",21073
105506,以仙之名,9.5,放置,"['放置', '放置', '文字', '古风', '国风', '修仙']",175482
105412,最终幻想：勇气启示录 幻影战争,8.4,卡牌,"['卡牌', '高画质', '催泪剧情', '最终幻想']",86354
105503,逃脱者：困境突围(内购版）,7.0,策略,"['策略', '策略', '多人', '像素', '联机', 'steam移植']",21280
105512,CITY,5.0,角色扮演,"['角色扮演', '生存', '多人联机', '合作']",35893
105443,星际行动,10.0,休闲,"['休闲', '动作', '角色扮演', '射击', '冒险', '竞速']",20813
105444,摸金校尉之九幽将军,0.0,角色扮演,"['角色扮演', '冒险', '沙盒', '生存', '盗墓', '探险']",21013
105350,灵界仙都,5.3,放置,"['放置', '仙侠', '放置挂机', '修真']",33638
105369,乌合之众：正义集结,2.0,卡牌,"['卡牌', '求生', '英雄', '联盟', '队友', '正义']",33494
105368,小小勇者,8.8,放置,"['放置', '挂机', '竖屏', '类Rogue', '像素', '休闲']",324064
105453,我也是大侠,8.5,放置,"['放置', '模拟', '放置']",35142
105401,歌手,2.2,模拟经营,"['模拟经营', '偶像养成', '正版授权', '歌手', '当打之年']",21991
105435,一起来飞车2,9.1,竞速,"['竞速', '社交', '开放世界', '赛博朋克', '自由探索', '漂移']",35453
105409,幻塔,8.7,角色扮演,"['角色扮演', '开放世界', 'Arpg', '二次元', '冒险', '动作']",189214
105437,银河境界线,8.9,策略,"['策略', '策略', '科幻', '太空歌剧', '二次元', '战棋']",102702
104800,精灵魔塔,9.0,类Rogue,"['类Rogue', '策略', '养成', '收集', '放置', 'Roguelike']",34438
104744,复苏的魔女,8.9,卡牌,"['卡牌', '卡牌', '剧情', '角色扮演', '像素', '养成']",104296
104801,白之物语,9.4,MMORPG,"['MMORPG', '日式', 'MMORPG', '异世界', '多人角色扮演']",52662
104797,军团,8.0,类Rogue,"['类Rogue', '策略', '原创', '独立游戏', 'Steam移植', 'Rogue-lite']",46624
105427,字走三国,9.4,策略,"['策略', '策略', '三国', '对战', '水墨风', '自走棋']",20912
105349,幻兽契约,6.2,角色扮演,"['角色扮演', '剧情', '日系', '回合制', '战术']",34869
105375,怪兽纪元,3.4,角色扮演,"['角色扮演', '策略', '卡牌', '剪影', '怪兽', '大富翁']",21184
105322,我叫MT2:怀旧版,10.0,角色扮演,"['角色扮演', '卡牌', '游戏', '手游', '网游']",33754
105399,斗罗大陆2绝世唐门,8.6,MMORPG,"['MMORPG', '动漫改编', '唐三', '国漫', '斗罗大陆']",31001
105343,孟德大小姐与自爆少年,9.2,文字,"['文字', '三国', 'AVG', '视觉小说', '孟德大小姐与自爆少年']",144542
105170,火影忍者：巅峰对决,7.9,角色扮演,"['角色扮演', '3D', '冒险', '开放世界', '火影忍者', '火影忍者3D']",55029
105344,神之猎场,9.6,多人对战,"['多人对战', '竞技', '休闲', '对战', '非对称', '双视角']",33895
105238,诺弗兰物语,9.0,模拟经营,"['模拟经营', '炼金', '妖精', '模拟经营', '放置', '轻养成']",204823
105283,风之冒险大陆,10.0,MMORPG,"['MMORPG', '角色扮演', '怀旧', '经典', 'Q版', '横版冒险']",20856
104928,爱丽丝的衣橱,9.6,角色扮演,"['角色扮演', '女性向', '养成', '收集', '美少女', '换装']",329164
105323,不休的冒险,0.0,放置,"['放置', 'RPG', '冒险游戏', '放置手游']",20803
105277,关于我转生变成史莱姆这档事,7.9,角色扮演,"['角色扮演', '策略', '二次元', '声优', '史莱姆', 'IP正版授权']",144477
105166,梦幻三界,2.0,角色扮演,"['角色扮演', '角色扮演', '梦幻', '良心公平', '免费送神兽', '回合修仙']",20823
104735,零界战线,9.8,角色扮演,"['角色扮演', 'RPG', '即时战斗', '漫画剧情副本', '中日美术结合']",34280
105281,马场大亨,6.0,模拟经营,"['模拟经营', '赛马', '马场', '培育']",21061
104958,猫之城,9.2,角色扮演,"['角色扮演', '策略', '二次元', '卡牌', '动画', '猫娘']",716488
105197,疯狂猜成语,4.6,休闲,"['休闲', '休闲', '小游戏', '成语']",20872
104974,世嘉口袋创造球会,10.0,体育竞技,"['体育竞技', '策略', '足球', 'FIFPro', '体育', '世嘉']",36141
105201,星耀战纪,6.0,角色扮演,"['角色扮演', '二次元', '角色扮演', '卡牌', '三国']",24232
105232,伊甸启示录,9.6,角色扮演,"['角色扮演', '二次元', '日系', '回合制', '科幻', '3d']",75661
104994,合成放置类RPG：铁匠佣兵团 ,8.0,角色扮演,"['角色扮演', 'RPG', '手游', '放置手游', 'RPG手游']",36574
105140,风起长安：驭骨人,9.5,文字,"['文字', '恋爱', '文字', '乙女', '互动', '单机']",80219
105046,光与夜之恋,4.7,文字,"['文字', '女性向', '剧情', '角色扮演', '恋爱', '乙女']",212161
105131,千年寻仙,5.3,角色扮演,"['角色扮演', 'RPG', '魔幻手游', '回合制手游', '千年寻仙', '卡漫']",23892
105168,西游神传,2.2,MMORPG,"['MMORPG', '西游', '回合制RPG']",23732
104882,群星守卫,8.9,角色扮演,"['角色扮演', '收集养成', '少女', '科幻', '机甲']",122543
105124,三生三世狐妖缘,2.2,MMORPG,"['MMORPG', '角色扮演', '多人', '阴阳师', '妖神纪', '国风修仙']",24016
105102,奥奇传说,7.2,角色扮演,"['角色扮演', '诺亚', '精灵', '奥奇', '奥奇传说', '五王']",285798
105019,天地劫：幽城再临,8.7,角色扮演,"['角色扮演', '3D', '高画质', '武侠']",527915
105116,道友别推塔,5.0,策略,"['策略', '塔防', '封神榜', '哪吒', '神仙有道，妖亦有灵']",36456
105077,正义太空（Space Justice）,10.0,休闲,"['休闲', '手机游戏', '游戏', '银河的射手', 'Space Justice']",23721
105078,剑圣：战争（Juggernaut Wars）,8.0,角色扮演,"['角色扮演', '角色扮演', 'RPG', '手机游戏']",23848
105027,幻想生活,10.0,休闲,"['休闲', '豪华声优', '热血战斗', '自由职业', '建设村庄', '多人同乐']",36616
105100,一念逍遥,8.6,放置,"['放置', '修仙', '挂机', '社交', '修真', '放置']",109920
105069,荒古奇谭,5.2,类Rogue,"['类Rogue', '卡牌', '武侠', '国风', 'roguelike', '爬塔']",24458
105061,偌星,9.4,策略,"['策略', '养成', '科幻', '太空', '模拟经营', '多人在线']",222550
105053,战国布武,7.7,策略,"['策略', '策略', '竞技', '浮世绘', 'slg', '日本战国']",36953
105068,萌萌塔,6.8,类Rogue,"['类Rogue', '冒险', 'Roguelike', '地牢', '勇者']",23899
105051,放置大魔王,9.2,放置,"['放置', '卡牌', '3D', '即时战斗', '放置挂机']",24001
105013,魔天记,8.8,策略,"['策略', '玄幻', '小说', '修仙', '魔天记', '王宇']",37556
105021,《酒店帝国大亨》；休闲；游戏,8.0,模拟经营,"['模拟经营', '休闲', '手机游戏', '手游', '模拟经营', '休闲手游']",24111
105040,不良人3,8.4,动作,"['动作', '无双江湖', '武侠', '正版授权', '不良人', '动作']",62349
104805,风色幻想命运传说,9.1,回合战略,"['回合战略', '日式幻想', '策略', '情怀', '二次元', '战棋']",176437
104687,忘川风华录,9.2,卡牌,"['卡牌', '古风', '剧情', '历史', '国风', '养成']",698106
104483,艾恩洛亚炼金起源之章,9.5,,"['ACG', '剧情', '即时策略', '原创IP', '自由探索']",43526
104988,明朝风云,8.0,养成,"['养成', '养成', '模拟经营', '皇帝', '明朝', '明朝风云']",36883
104986,喧闹的城堡 - 成为避难所的骑士（Hustle Castle）,8.0,策略,"['策略', '手机游戏', '手游', '策略手游', '塔防手游', '城堡']",19901
105000,永不言弃4,8.0,休闲,"['休闲', '音乐', '竞速', '节奏', '跳跃', '永不言弃']",37870
104949,妖精的尾巴 力量觉醒,5.6,角色扮演,"['角色扮演', '妖精的尾巴', '妖尾', '妖精的尾巴 力量觉醒', '魔导士', '哈比']",40056
104971,叫我女皇大人：后宫恋爱游戏,3.0,养成,"['养成', '恋爱养成', '剧情', '男宠', '角色换装']",46170
103860,彩虹联萌,9.7,MMORPG,"['MMORPG', '开放世界', '角色', '手游', 'Q萌']",38033
104978,第九所,9.2,沙盒,['沙盒'],41426
104936,逐鹿三国志 - 经典国战策略手游,3.6,策略,"['策略', '三国志', '乱世王者', '三国策略', '全面战争', '三国霸业']",32295
104925,传奇商店：经营与打造,6.0,休闲,"['休闲', '手机游戏', '游戏', '经营游戏', '海外游戏']",36495
104917,狙击行动3D：代号猎鹰,3.4,射击,"['射击', '手机游戏', '游戏', '射击游戏', '休闲游戏', '轻松解压游戏']",36576
104918,蘑菇战争2,8.7,策略,"['策略', '策略', '战争', '塔防', 'RTS', '蘑菇战争']",37939
104492,临界存在少女,8.7,角色扮演,"['角色扮演', '二次元', '角色扮演']",40688
104871,新盗墓笔记,8.6,角色扮演,"['角色扮演', '盗墓', 'mmo', '盗墓笔记']",47656
104838,深蓝战舰,2.7,策略,"['策略', '海战', '战舰', '战争', '军事', '航海']",36309
104869,御剑仙尘,0.0,角色扮演,"['角色扮演', '策略', '卡牌', '回合', '仙侠', '角色扮演  国风 仙侠  策略 卡牌']",36419
104868,动物王者,7.0,休闲,"['休闲', '手机游戏', '手游', '休闲游戏', '动物王者']",36542
104848,石油大亨,9.0,模拟经营,"['模拟经营', '模拟经营', 'steam移植', '单机经典', 'up推荐']",40550
104407,聊斋搜灵录,9.4,卡牌,"['卡牌', '国风', '聊斋']",38791
104843,杰利的世界,8.4,休闲,"['休闲', '休闲', '放置', '独立游戏', '史莱姆', '冰狮游戏']",24071
104844,蔚蓝特攻,9.6,跑酷,"['跑酷', '二次元', '射击', '休闲', '格斗', '闯关']",39030
104824,幻想Q传,7.0,策略,"['策略', '策略', '卡牌', '战略', '幻想', '三国']",36289
104748,东京偶像计划,9.5,卡牌,"['卡牌', '二次元', 'ACG', '养成', '美少女', '回合制']",40861
104812,大主播,3.2,模拟经营,"['模拟经营', '剧情', '模拟养成', '主播互动', '明星经纪']",45801
104072,灵魂潮汐,9.4,卡牌,"['卡牌', '二次元', '角色扮演', '日系']",352609
104810,环形战争,7.6,类Rogue,"['类Rogue', '策略', '角色扮演', '战棋', '回合制', 'Roguelike']",25843
104791,漫漫江湖,9.4,放置,"['放置', '角色扮演', '水墨', '武侠', '放置挂机', '江湖']",45407
104787,东离剑游纪,9.4,角色扮演,"['角色扮演', '动作', 'ARPG', '武侠', '霹雳武侠']",8664
104689,超级小不点,10.0,多人对战,"['多人对战', '休闲', 'moba', '卡通', 'io']",23884
104688,冒险与深渊,8.3,放置,"['放置', '休闲', '放置', '像素', '自由交易', '成长']",47241
104642,开黑三国,7.3,卡牌,"['卡牌', '历史', '自走棋', '三国演义', 'Q版三国', '爆款手游']",36598
104746,忍者别嚣张,6.0,卡牌,"['卡牌', '二次元', '卡牌', '漫画', '游戏', '手游']",36716
104690,神谕之歌,5.0,卡牌,"['卡牌', '策略', '养成', '放置', '神话', '声优配音']",36702
104585,代号：凛,9.0,养成,"['养成', '二次元', '养成', '剧情', '和风', 'AVG']",58990
104639,夕阳热气球,8.4,休闲,"['休闲', '剧情', '竞技', '弹射', '科学', '历史人物']",43519
104709,音舞大师,5.8,音乐节奏,"['音乐节奏', '音乐', '角色扮演', '节奏', '服装']",37598
104541,苍之骑士团2,9.4,角色扮演,"['角色扮演', '策略', '二次元', '正版授权', '日系']",262971
104697,尸溯,8.8,解谜,"['解谜', '恐怖', '手游', '解密', '探案', '灵异']",27477
104700,诺亚幻想2,9.1,养成,"['养成', '养成', '卡牌', '日系', '文字']",55632
104630,我是练习生,4.8,养成,"['养成', '音乐', '音乐游戏', '舞蹈', '舞蹈派对']",36962
104523,盾之勇者成名录 手游,8.9,角色扮演,"['角色扮演', '勇者系手游', 'Roguelike', '二次元', '美少女', '正版授权']",313948
104624,走方郎中,4.8,文字,"['文字', '恋爱', '乙女', '古风', 'AVG', '文字游戏']",58249
104661,与熊同在,9.6,解谜,"['解谜', '休闲', '益智', '解谜', '黑白']",24354
104524,方舟之旅,9.4,模拟经营,"['模拟经营', '养成', '少女', '模拟', '经营', '探险']",52419
104658,点点富翁,9.8,模拟经营,"['模拟经营', '策略', '模拟经营', '大富翁']",37243
104641,镇魂街：武神躯,7.8,卡牌,"['卡牌', '卡牌', '国漫', '二次元', '镇魂街']",340704
104623,绝地莽荒,0.0,角色扮演,"['角色扮演', '仙侠', 'MMOARPG', '绝恋']",36445
104613,废柴物语,9.7,休闲,"['休闲', '模拟', '益智', '喵星人', '可爱', '合成']",62145
104604,风凌天下,4.3,角色扮演,"['角色扮演', '仙侠', '武侠', '3DMMO', '仙侠手游', '太古']",36383
104617,弓箭手大冒险,10.0,休闲,"['休闲', '冒险', '探险', 'roguelike', '敏捷']",23680
104544,人皮鼓,9.0,文字,"['文字', '互动', '悬疑', 'AVG', '国产', '人皮鼓']",59392
104594,非常英雄救世奇缘,8.5,角色扮演,"['角色扮演', '跑酷', '解谜', 'steam移植', '冒险', '动作']",55273
104588,夜火流光,9.5,文字,"['文字', '女性向', '养成', '剧情', '国风', 'AVG']",68162
104555,丛林狂飙,0.0,休闲,"['休闲', '狩猎', '西部', '套圈', '猎物', '斗兽']",36296
102548,本茶纲目,9.5,卡牌,"['卡牌', '二次元', '剧情', '国风', '拟人']",126192
104538,校花梦工厂,2.8,放置,"['放置', '女性向', 'RPG', '恋爱', '放置', '挂机']",61457
104404,一世之尊,4.2,角色扮演,"['角色扮演', '手游', '玄幻仙侠', '颜值即正义', '一世之尊', 'mmorpg']",65452
104511,卡牌王者,6.3,卡牌,"['卡牌', '卡牌']",58928
104506,无尽银河,7.2,回合战略,"['回合战略', '策略', '战舰', '科幻', '星河', '银河']",60021
104493,跟我玩连萌,9.1,角色扮演,"['角色扮演', '二次元', '角色扮演', '少女', '魔幻', '策略回合']",74489
104502,余烬风暴,8.9,角色扮演,"['角色扮演', '中世纪', 'MMORPG', '自由视角', '欧美魔幻']",214591
104485,樱都学园,9.2,角色扮演,"['角色扮演', '二次元', '角色扮演', 'JRPG', '回合战斗']",61296
104504,七雄纷争,7.3,策略,"['策略', '策略', '手游', '战国', '七雄']",36279
104449,陈情令,3.1,卡牌,"['卡牌', '国风']",247377
104296,哈利波特：魔法觉醒,6.9,角色扮演,"['角色扮演', '哈利波特', '魔法觉醒', '哈利波特手游']",1350502
104371,阳春艺曲,9.6,音乐节奏,"['音乐节奏', '音乐', '古风', '国风', '音游', '诗词']",68808
104394,逃亡者,2.9,策略,"['策略', '策略', '放置', '丧尸', '末日', '单机']",23773
104304,蓝图计划,8.0,类Rogue,"['类Rogue', '策略', '二次元', '卡牌', '休闲', 'Roguelike']",60549
104250,超能球球,2.0,多人对战,"['多人对战', '休闲', '益智', '多人对战', '休闲竞技', 'IO']",60055
104391,次元对决,8.1,策略,"['策略', '策略', '回合制', '休闲', '不氪', '玩法新颖']",83702
104357,魔法召唤,2.7,卡牌,"['卡牌', '二次元', '冒险', '放置', '神明']",61758
104403,天天枪战2,7.0,角色扮演,"['角色扮演', '射击', '末日', 'Q版']",57765
104331,三国英雄录,2.7,卡牌,"['卡牌', '卡牌', '热血', '三国']",61518
104256,混沌起源,2.3,MMORPG,"['MMORPG', 'MMORPG', '西方魔幻', '次世代', '东方仙侠']",50891
104343,迪士尼梦之旅,8.2,休闲,"['休闲', '迪士尼', '卡牌收集', '泡泡消除手游', '超萌']",74340
104121,阴阳师智走棋,8.4,策略,"['策略', '和风', '阴阳师', '平安京', '自走棋']",42710
104282,元能失控,7.8,类Rogue,"['类Rogue', '动作', '独立游戏', '联机', 'Steam移植', 'Rouelike']",65049
104284,斯露德,9.5,射击,"['射击', '二次元', '3D', '美少女', '空战', '弹幕']",198472
104001,筑梦公馆,8.8,文字,"['文字', 'avg', '剧情', '文字冒险']",60878
102851,小小飞弹,5.1,射击,"['射击', '养成', '社交', 'Q萌', '弹射', '经典弹弹堂']",48532
104200,魔方战争,8.8,休闲,"['休闲', '竞技', '休闲', '欢乐', '创新', '三分钟一把']",37897
104225,掌机冒险,2.7,动作,"['动作', '二次元', '动漫', '冒险', '童年', '经典']",49779
104226,破空之痕,7.1,回合战略,"['回合战略', '策略', '二次元', '战争', '美女', '放置类手游']",51735
102927,宝可梦大探险,5.5,休闲,"['休闲', '养成', '收集', '休闲', '宝可梦', '闯关']",171644
103426,旧日传说,7.5,类Rogue,"['类Rogue', 'roguelike', '地牢', '角色扮演', '克苏鲁', '冒险']",58661
102635,轩辕剑苍之曜,7.7,动作,"['动作', '二次元', '动作', '角色扮演', '轩辕剑', '国风']",118351
104147,原始奇兵,9.0,多人对战,"['多人对战', '多人对战', '建造', '联机', 'IO', '轻MOBA']",49447
104118,乱世将星,0.0,角色扮演,"['角色扮演', 'RPG', '卡牌', '唯美', '和风']",49519
104079,梦想足球,8.4,体育竞技,"['体育竞技', '电竞', '球星', '足球游戏', '中超', '国安']",49256
104155,炮击王者,6.0,休闲,"['休闲', '休闲', '跑酷', '游戏']",49082
104078,织女星计划,4.0,角色扮演,"['角色扮演', '角色扮演', '射击', '科幻', '手游', '星际争霸']",49447
104074,向僵尸开炮,6.0,射击,"['射击', '僵尸', '手机游戏', '绝地求生', '末日僵尸', '向僵尸开炮']",23705
103656,摩尔庄园,9.6,模拟经营,"['模拟经营', '3d', '搭配换装', '经典', '社交', '家园']",448319
104105,异城危机,7.5,策略,"['策略', '末日题材', '休闲挂机', '丧尸手游', '放置对战', '烧脑策略']",49199
103839,绯石之心,9.0,放置,"['放置', '角色扮演', '多人', 'Roguelike', '挂机', '竖屏']",162045
104070,梦幻新诛仙,9.2,角色扮演,"['角色扮演', '回合', '经典', '梦幻新诛仙']",99362
104077,伊格利亚战记,8.0,策略,"['策略', '像素风', '架空世界', '大战略', '半即时战斗', '人物养成收集']",50942
103904,超级实况,5.3,体育竞技,"['体育竞技', '竞技', '足球', '实况', '体育', 'FIFA']",49178
104024,潘多拉的回响,9.3,角色扮演,"['角色扮演', '二次元', '养成', '卡牌', '美少女', '坦克娘']",56835
103902,神之卡,2.5,卡牌,"['卡牌', '策略', '卡牌', '回合制', 'TCG', '角色']",49451
103865,克瑞因的纷争,9.7,卡牌,"['卡牌', '策略', 'RPG', '独立游戏', '爆肝', 'Rouguelike']",52849
103998,王城英雄,2.5,动作,"['动作', '王城英雄', '洪金宝', '洪金宝代言', '单职业']",50454
103970,早安少女,6.9,养成,"['养成', '乙女', '高甜', '恋爱', '角色扮演', '养成']",60712
103985,择天大陆,6.7,卡牌,"['卡牌', '二次元', '卡牌', '放置']",50754
103939,恐龙宝贝神奇之旅,2.0,卡牌,"['卡牌', '原始', '恐龙', '精灵', '进化', '魔眼']",50449
103788,穿越寻宝记,6.0,益智,"['益智', '休闲', '益智', '穿越', '解密', '寻宝']",49197
103838,开心竞技场,3.2,益智,"['益智', '手机游戏', '休闲游戏', '益智解谜', '开心竞技场', '好友对战']",49108
103894,梦间集2,9.4,角色扮演,"['角色扮演', '二次元', '3D', '国风赛博']",75190
103807,烹饪冒险,10.0,休闲,"['休闲', '休闲', '手游', '烹饪']",50505
103648,天空编年史,8.3,角色扮演,"['角色扮演', '机甲', '载具', '蒸汽朋克']",50131
103724,逍遥大侠,3.1,角色扮演,"['角色扮演', '国风仙侠', '仙侠修仙', '结婚手游', '梦幻情缘', '姻缘抢婚']",49228
103545,重生细胞,7.8,类Rogue,"['类Rogue', 'ARPG', '像素', 'RogueVania']",1621072
103748,命运砂时计,9.2,角色扮演,"['角色扮演', '命运', '手游', '吸血鬼', '美男']",57961
103716,妖灵退散,8.5,角色扮演,"['角色扮演', '二次元', '手机游戏', '阴阳师', '十连抽', '恶灵退散']",49652
103747,全民漂移3D游戏软件,4.7,休闲,"['休闲', '休闲', '赛车', '竞速', '漂移']",49274
103761,饥饿之塔,9.0,类Rogue,"['类Rogue', '格斗', '独立游戏', '末世', '爬塔', 'ROGUELIKE']",49515
103770,时空之塔,8.0,角色扮演,"['角色扮演', '魔幻', '日系', '回合制', '二次元世界']",50686
103737,触摸天空,3.6,卡牌,"['卡牌', '恋爱养成', '卡牌', '美少女', '唯美风']",49858
103323,狼人对决,8.1,棋牌桌游,"['棋牌桌游', '策略', '卡牌', '桌游', 'CCG', 'TCG']",86845
103228,少女的王座,9.6,养成,"['养成', '乙女', '剧情', '恋爱', '换装', '养成']",158441
103652,末日审判,8.2,策略,"['策略', '策略', '战争', '生存', '末日', '掠夺']",50369
103593,不朽魔神,2.4,角色扮演,"['角色扮演', '角色扮演', '手机游戏', '官方正版', '魔幻手游', '热门手游']",49251
103694,逆转回合,8.9,棋牌桌游,"['棋牌桌游', 'TCG', '策略卡牌', '卡牌对战', 'CCG']",50901
103647,皮皮虾传奇,9.8,休闲,"['休闲', '搞笑', '魔性', '挂机', '模拟经营', '皮皮虾']",49405
103198,世界异化之后,4.0,角色扮演,"['角色扮演', '3D', '魔幻', '竞技', '开放世界', '圣域']",49688
103459,心动事件簿,2.1,养成,"['养成', '养成', '恋爱', '乙女', '侦探', '心动事件簿']",51876
103482,无情剑侠,3.0,角色扮演,"['角色扮演', '仙侠', '武侠', 'MMORPG', '国风', '结婚']",49362
103497,圣裁终焉,9.5,动作,"['动作', '二次元', '动作', '角色扮演']",67157
103503,萌宠归途,9.3,解谜,['解谜'],58253
103485,救赎之地,8.4,多人对战,"['多人对战', '竞技', '沙盒', 'MOBA', '虚幻4', '多人联机']",54812
103013,幻想神姬,8.9,卡牌,"['卡牌', '收集养成', '二次元', 'RPG', '卡牌', '神灵']",118036
103450,有杀气童话2,7.4,角色扮演,"['角色扮演', '战斗', '角色扮演', '冒险', '社交', 'MMORPG']",55774
103442,隐世录,8.9,角色扮演,"['角色扮演', '角色扮演']",303212
103248,行界：重构,8.9,卡牌,"['卡牌', '人工智能', '中国式科幻', '反乌托邦', '全语音剧情']",288961
102853,四则精灵,4.8,卡牌,"['卡牌', '二次元', '卡牌', '国风', '四则精灵', '妖兽']",49947
102492,空之旅人,7.4,角色扮演,"['角色扮演', '策略', '二次元', '剧情', '美少女', '回合制']",65363
101533,零域战线,7.7,策略,"['策略', '策略', '二次元', '卡牌', '美少女', '赛博朋克']",113514
103275,人形觉醒,7.4,动作,"['动作', '二次元', '美少女', '横版格斗', '手游', 'ACT']",487395
103276,爆裂魔女,8.7,射击,"['射击', '美少女', '弹幕', 'STG', '爆裂魔女', '弹幕游戏']",533222
102164,光影链接,8.4,角色扮演,"['角色扮演', '卡牌', '网游', '二次元', '美少女', '养成']",424349
103322,石器时代M,8.0,角色扮演,"['角色扮演', '原始', '恐龙', '石器']",63279
103043,黑月,6.6,格斗,"['格斗', '格斗', '手机游戏', '游戏', '泛二次元']",77852
103254,纸境英雄,9.1,类Rogue,"['类Rogue', '卡牌', 'Roguelike', '桌游', '策略回合', 'DBG']",63132
103204,伊妮莉丝,8.7,策略,"['策略', '二次元', '养成', '美少女', '剧情向', '日系游戏']",72187
103137,精灵之境,8.1,养成,"['养成', '女性向', '养成', '模拟', '经营', '放置']",90501
103121,哆啦A梦飞车,8.9,竞速,"['竞速', '赛车', '童年', '哆啦A梦', '多啦A梦', '飞车']",51150
103022,爱丽丝秩序,9.2,卡牌,"['卡牌', '少女', '百合', '异能', '平行世界', '轻烧脑']",207142
103074,星战前夜: 无烬星河,8.0,沙盒,"['沙盒', '星际', '星战', 'EVE手游', 'EVE', '星战前夜']",182778
102964,鹿鼎记手游,6.0,MMORPG,"['MMORPG', '角色扮演', '武侠', '金庸', '国漫', '鹿鼎记']",41308
102244,梦之旅人,7.6,格斗,"['格斗', '二次元', '格斗', '斗技', '横版']",169841
