player1,player2,win1,win2
Humanoid,yoHan,0,0
Humanoid,Tian,0,0
Humanoid,GALA,0,0
Humanoid,Canna,0,1
Humanoid,icon,0,0
Humanoid,Odoamne,0,0
Humanoid,Elyoya,1,4
Humanoid,FBI,0,0
Humanoid,Ale,0,0
Humanoid,Scout,0,0
Humanoid,Viper,0,0
Humanoid,Armut,0,0
Humanoid,Jensen,0,0
Humanoid,Maple,0,0
Humanoid,Closer,0,0
Humanoid,Wei,0,0
Humanoid,Trymbi,0,0
Humanoid,River,0,0
Humanoid,Nisqy,0,0
Humanoid,Evi,0,0
Humanoid,Flandre,0,0
Humanoid,Huhi,0,0
Humanoid,Aria,0,0
Humanoid,Zven,0,1
Humanoid,Cryin,0,0
Humanoid,Fudge,0,0
Humanoid,Chovy,0,0
Humanoid,Xiaohu,0,1
Humanoid,Abbedagge,0,1
Humanoid,Vulcan,0,1
Humanoid,Hans-sama,0,0
Humanoid,Adam,1,1
Humanoid,Perkz,0,0
Humanoid,Yutapon,0,0
Humanoid,Hanabi,0,0
Humanoid,Inspired,0,0
Humanoid,Gaeng,0,0
Humanoid,Crisp,0,0
Humanoid,Tarzan,0,0
Humanoid,Steal,0,0
Humanoid,Ruler,0,1
Humanoid,Deft,0,0
Humanoid,Morgan,0,0
Humanoid,Upset,0,0
Humanoid,Khan,0,1
Humanoid,Blaber,0,0
Humanoid,Kaiwing,0,0
Humanoid,Iwandy,0,0
Humanoid,Keria,0,1
Humanoid,Ming,0,1
Humanoid,Hylissang,0,0
Humanoid,Life,0,0
Humanoid,Tactical,0,0
Humanoid,CoreJJ,0,1
Humanoid,Kaiser,0,0
Humanoid,DuDu,0,0
Humanoid,Nuguri,0,0
Humanoid,ShowMaker,0,1
Humanoid,Santorin,0,0
Humanoid,Rascal,0,0
Humanoid,Light,0,1
Humanoid,Lwx,1,1
Humanoid,Ghost,0,0
Humanoid,Faker,0,0
Humanoid,Ssumday,0,0
Humanoid,Larssen,0,0
Humanoid,Bdd,0,0
Humanoid,BeryL,0,0
Humanoid,Jiejie,0,0
Humanoid,Canyon,0,2
Humanoid,xiaolaohu,0,0
Humanoid,Gumayusi,0,0
Humanoid,Vsta,0,0
Humanoid,Doinb,0,0
Humanoid,Unified,0,0
Humanoid,Willer,0,0
Humanoid,Bwipo,1,0
Humanoid,Alphari,0,0
Humanoid,Meiko,0,0
Humanoid,Carzzy,0,0
Humanoid,Clid,0,0
Humanoid,Oner,0,0
yoHan,Tian,0,0
yoHan,GALA,0,0
yoHan,Canna,0,0
yoHan,icon,0,0
yoHan,Odoamne,0,0
yoHan,Elyoya,0,0
yoHan,FBI,0,0
yoHan,Ale,0,0
yoHan,Scout,1,0
yoHan,Viper,0,0
yoHan,Armut,0,0
yoHan,Jensen,0,0
yoHan,Maple,0,0
yoHan,Closer,0,0
yoHan,Wei,0,0
yoHan,Trymbi,0,0
yoHan,River,0,0
yoHan,Nisqy,0,0
yoHan,Evi,0,0
yoHan,Flandre,0,0
yoHan,Huhi,0,0
yoHan,Aria,0,0
yoHan,Zven,0,0
yoHan,Cryin,0,0
yoHan,Fudge,0,0
yoHan,Chovy,0,0
yoHan,Xiaohu,0,0
yoHan,Abbedagge,0,0
yoHan,Vulcan,0,0
yoHan,Hans-sama,0,0
yoHan,Adam,0,0
yoHan,Perkz,0,0
yoHan,Yutapon,0,0
yoHan,Hanabi,0,0
yoHan,Inspired,0,0
yoHan,Gaeng,0,0
yoHan,Crisp,0,0
yoHan,Tarzan,0,0
yoHan,Steal,0,0
yoHan,Ruler,0,1
yoHan,Deft,0,0
yoHan,Morgan,0,0
yoHan,Upset,0,0
yoHan,Khan,0,0
yoHan,Blaber,0,0
yoHan,Kaiwing,0,1
yoHan,Iwandy,0,0
yoHan,Keria,0,0
yoHan,Ming,0,0
yoHan,Hylissang,0,0
yoHan,Life,1,0
yoHan,Tactical,0,0
yoHan,CoreJJ,0,0
yoHan,Kaiser,0,0
yoHan,DuDu,0,1
yoHan,Nuguri,0,0
yoHan,ShowMaker,0,0
yoHan,Santorin,0,0
yoHan,Rascal,0,0
yoHan,Light,0,0
yoHan,Lwx,0,0
yoHan,Ghost,0,0
yoHan,Faker,0,0
yoHan,Ssumday,0,0
yoHan,Larssen,0,0
yoHan,Bdd,0,0
yoHan,BeryL,0,0
yoHan,Jiejie,0,0
yoHan,Canyon,0,0
yoHan,xiaolaohu,0,0
yoHan,Gumayusi,0,0
yoHan,Vsta,0,0
yoHan,Doinb,0,0
yoHan,Unified,0,0
yoHan,Willer,0,0
yoHan,Bwipo,0,0
yoHan,Alphari,0,0
yoHan,Meiko,0,0
yoHan,Carzzy,0,0
yoHan,Clid,1,0
yoHan,Oner,0,0
Tian,GALA,2,1
Tian,Canna,1,0
Tian,icon,0,0
Tian,Odoamne,0,0
Tian,Elyoya,1,3
Tian,FBI,0,0
Tian,Ale,0,0
Tian,Scout,0,0
Tian,Viper,0,0
Tian,Armut,1,1
Tian,Jensen,0,1
Tian,Maple,0,0
Tian,Closer,0,0
Tian,Wei,1,0
Tian,Trymbi,0,0
Tian,River,0,0
Tian,Nisqy,0,0
Tian,Evi,0,0
Tian,Flandre,1,1
Tian,Huhi,0,0
Tian,Aria,0,0
Tian,Zven,1,0
Tian,Cryin,0,0
Tian,Fudge,0,0
Tian,Chovy,0,0
Tian,Xiaohu,1,0
Tian,Abbedagge,0,0
Tian,Vulcan,0,0
Tian,Hans-sama,0,0
Tian,Adam,1,0
Tian,Perkz,0,0
Tian,Yutapon,0,0
Tian,Hanabi,0,0
Tian,Inspired,0,0
Tian,Gaeng,0,0
Tian,Crisp,1,2
Tian,Tarzan,0,0
Tian,Steal,0,0
Tian,Ruler,0,0
Tian,Deft,0,0
Tian,Morgan,0,0
Tian,Upset,0,0
Tian,Khan,2,1
Tian,Blaber,1,0
Tian,Kaiwing,0,0
Tian,Iwandy,1,0
Tian,Keria,0,0
Tian,Ming,0,1
Tian,Hylissang,0,0
Tian,Life,0,0
Tian,Tactical,0,0
Tian,CoreJJ,1,0
Tian,Kaiser,0,0
Tian,DuDu,0,0
Tian,Nuguri,1,2
Tian,ShowMaker,0,1
Tian,Santorin,1,0
Tian,Rascal,0,0
Tian,Light,1,0
Tian,Lwx,0,0
Tian,Ghost,0,0
Tian,Faker,0,0
Tian,Ssumday,0,0
Tian,Larssen,0,0
Tian,Bdd,0,0
Tian,BeryL,0,0
Tian,Jiejie,2,0
Tian,Canyon,1,0
Tian,xiaolaohu,1,1
Tian,Gumayusi,1,0
Tian,Vsta,0,0
Tian,Doinb,3,0
Tian,Unified,0,0
Tian,Willer,0,0
Tian,Bwipo,1,0
Tian,Alphari,0,0
Tian,Meiko,0,0
Tian,Carzzy,1,1
Tian,Clid,0,0
Tian,Oner,0,0
GALA,Canna,0,0
GALA,icon,1,0
GALA,Odoamne,0,0
GALA,Elyoya,2,0
GALA,FBI,0,0
GALA,Ale,0,0
GALA,Scout,1,1
GALA,Viper,0,0
GALA,Armut,0,0
GALA,Jensen,1,0
GALA,Maple,0,0
GALA,Closer,0,0
GALA,Wei,0,1
GALA,Trymbi,0,0
GALA,River,0,0
GALA,Nisqy,0,0
GALA,Evi,0,0
GALA,Flandre,2,1
GALA,Huhi,0,0
GALA,Aria,0,0
GALA,Zven,0,2
GALA,Cryin,3,0
GALA,Fudge,0,0
GALA,Chovy,0,0
GALA,Xiaohu,0,0
GALA,Abbedagge,0,0
GALA,Vulcan,0,0
GALA,Hans-sama,0,1
GALA,Adam,0,0
GALA,Perkz,0,0
GALA,Yutapon,0,0
GALA,Hanabi,0,0
GALA,Inspired,0,0
GALA,Gaeng,0,0
GALA,Crisp,1,0
GALA,Tarzan,0,0
GALA,Steal,0,0
GALA,Ruler,0,0
GALA,Deft,0,0
GALA,Morgan,0,0
GALA,Upset,0,0
GALA,Khan,0,2
GALA,Blaber,0,0
GALA,Kaiwing,0,0
GALA,Iwandy,0,1
GALA,Keria,0,0
GALA,Ming,0,0
GALA,Hylissang,0,0
GALA,Life,0,0
GALA,Tactical,0,0
GALA,CoreJJ,0,0
GALA,Kaiser,0,0
GALA,DuDu,1,0
GALA,Nuguri,1,0
GALA,ShowMaker,0,0
GALA,Santorin,0,0
GALA,Rascal,1,0
GALA,Light,1,1
GALA,Lwx,0,1
GALA,Ghost,0,0
GALA,Faker,1,0
GALA,Ssumday,0,0
GALA,Larssen,0,0
GALA,Bdd,1,2
GALA,BeryL,0,0
GALA,Jiejie,3,2
GALA,Canyon,0,0
GALA,xiaolaohu,0,0
GALA,Gumayusi,1,1
GALA,Vsta,0,0
GALA,Doinb,1,0
GALA,Unified,2,0
GALA,Willer,0,0
GALA,Bwipo,1,0
GALA,Alphari,0,0
GALA,Meiko,0,1
GALA,Carzzy,0,0
GALA,Clid,0,0
GALA,Oner,0,1
Canna,icon,0,0
Canna,Odoamne,0,0
Canna,Elyoya,0,1
Canna,FBI,0,0
Canna,Ale,1,0
Canna,Scout,1,1
Canna,Viper,3,0
Canna,Armut,0,1
Canna,Jensen,2,0
Canna,Maple,0,0
Canna,Closer,0,0
Canna,Wei,0,1
Canna,Trymbi,0,0
Canna,River,1,0
Canna,Nisqy,0,0
Canna,Evi,0,0
Canna,Flandre,0,0
Canna,Huhi,0,0
Canna,Aria,0,0
Canna,Zven,0,0
Canna,Cryin,0,0
Canna,Fudge,0,0
Canna,Chovy,0,0
Canna,Xiaohu,0,0
Canna,Abbedagge,0,0
Canna,Vulcan,0,0
Canna,Hans-sama,0,1
Canna,Adam,0,0
Canna,Perkz,0,0
Canna,Yutapon,0,0
Canna,Hanabi,0,0
Canna,Inspired,0,0
Canna,Gaeng,1,0
Canna,Crisp,0,0
Canna,Tarzan,0,0
Canna,Steal,0,0
Canna,Ruler,0,0
Canna,Deft,0,0
Canna,Morgan,0,0
Canna,Upset,0,0
Canna,Khan,0,0
Canna,Blaber,0,1
Canna,Kaiwing,0,0
Canna,Iwandy,0,0
Canna,Keria,1,1
Canna,Ming,0,0
Canna,Hylissang,0,0
Canna,Life,0,0
Canna,Tactical,0,0
Canna,CoreJJ,0,0
Canna,Kaiser,0,1
Canna,DuDu,0,0
Canna,Nuguri,2,0
Canna,ShowMaker,0,0
Canna,Santorin,0,0
Canna,Rascal,1,0
Canna,Light,0,0
Canna,Lwx,0,0
Canna,Ghost,1,2
Canna,Faker,0,1
Canna,Ssumday,0,0
Canna,Larssen,0,0
Canna,Bdd,1,0
Canna,BeryL,0,0
Canna,Jiejie,0,0
Canna,Canyon,2,0
Canna,xiaolaohu,1,0
Canna,Gumayusi,0,1
Canna,Vsta,0,0
Canna,Doinb,0,0
Canna,Unified,1,0
Canna,Willer,0,0
Canna,Bwipo,1,0
Canna,Alphari,0,1
Canna,Meiko,0,0
Canna,Carzzy,1,0
Canna,Clid,0,0
Canna,Oner,1,0
icon,Odoamne,0,0
icon,Elyoya,0,1
icon,FBI,0,0
icon,Ale,1,0
icon,Scout,1,0
icon,Viper,2,1
icon,Armut,0,0
icon,Jensen,0,0
icon,Maple,0,0
icon,Closer,0,0
icon,Wei,0,0
icon,Trymbi,0,0
icon,River,0,1
icon,Nisqy,0,0
icon,Evi,0,0
icon,Flandre,1,0
icon,Huhi,0,0
icon,Aria,0,0
icon,Zven,0,0
icon,Cryin,0,1
icon,Fudge,0,0
icon,Chovy,0,0
icon,Xiaohu,0,1
icon,Abbedagge,0,0
icon,Vulcan,0,0
icon,Hans-sama,0,0
icon,Adam,0,0
icon,Perkz,0,0
icon,Yutapon,0,0
icon,Hanabi,0,0
icon,Inspired,0,0
icon,Gaeng,0,0
icon,Crisp,0,0
icon,Tarzan,6,0
icon,Steal,0,0
icon,Ruler,0,0
icon,Deft,0,0
icon,Morgan,0,0
icon,Upset,0,0
icon,Khan,0,0
icon,Blaber,0,0
icon,Kaiwing,0,0
icon,Iwandy,2,1
icon,Keria,0,0
icon,Ming,1,0
icon,Hylissang,0,0
icon,Life,0,0
icon,Tactical,0,0
icon,CoreJJ,0,0
icon,Kaiser,0,0
icon,DuDu,1,0
icon,Nuguri,0,0
icon,ShowMaker,0,0
icon,Santorin,1,0
icon,Rascal,0,1
icon,Light,1,0
icon,Lwx,0,0
icon,Ghost,0,0
icon,Faker,0,0
icon,Ssumday,1,0
icon,Larssen,0,0
icon,Bdd,0,0
icon,BeryL,0,0
icon,Jiejie,0,1
icon,Canyon,0,0
icon,xiaolaohu,0,0
icon,Gumayusi,0,0
icon,Vsta,0,0
icon,Doinb,0,1
icon,Unified,0,0
icon,Willer,0,0
icon,Bwipo,0,0
icon,Alphari,0,0
icon,Meiko,0,1
icon,Carzzy,0,0
icon,Clid,0,0
icon,Oner,0,0
Odoamne,Elyoya,0,0
Odoamne,FBI,0,0
Odoamne,Ale,0,0
Odoamne,Scout,0,0
Odoamne,Viper,0,0
Odoamne,Armut,0,0
Odoamne,Jensen,0,0
Odoamne,Maple,0,0
Odoamne,Closer,0,0
Odoamne,Wei,0,0
Odoamne,Trymbi,0,0
Odoamne,River,0,0
Odoamne,Nisqy,0,0
Odoamne,Evi,0,0
Odoamne,Flandre,0,0
Odoamne,Huhi,0,0
Odoamne,Aria,0,0
Odoamne,Zven,0,0
Odoamne,Cryin,1,0
Odoamne,Fudge,0,0
Odoamne,Chovy,0,0
Odoamne,Xiaohu,0,0
Odoamne,Abbedagge,0,0
Odoamne,Vulcan,0,0
Odoamne,Hans-sama,0,0
Odoamne,Adam,0,0
Odoamne,Perkz,0,0
Odoamne,Yutapon,0,0
Odoamne,Hanabi,2,1
Odoamne,Inspired,0,0
Odoamne,Gaeng,0,0
Odoamne,Crisp,0,0
Odoamne,Tarzan,0,0
Odoamne,Steal,0,0
Odoamne,Ruler,0,0
Odoamne,Deft,1,0
Odoamne,Morgan,0,0
Odoamne,Upset,0,0
Odoamne,Khan,0,0
Odoamne,Blaber,0,0
Odoamne,Kaiwing,0,0
Odoamne,Iwandy,0,0
Odoamne,Keria,0,0
Odoamne,Ming,0,0
Odoamne,Hylissang,0,0
Odoamne,Life,0,0
Odoamne,Tactical,0,0
Odoamne,CoreJJ,0,0
Odoamne,Kaiser,0,0
Odoamne,DuDu,0,0
Odoamne,Nuguri,0,0
Odoamne,ShowMaker,0,0
Odoamne,Santorin,0,0
Odoamne,Rascal,0,0
Odoamne,Light,0,0
Odoamne,Lwx,0,0
Odoamne,Ghost,0,0
Odoamne,Faker,0,0
Odoamne,Ssumday,0,0
Odoamne,Larssen,0,0
Odoamne,Bdd,0,0
Odoamne,BeryL,0,0
Odoamne,Jiejie,0,0
Odoamne,Canyon,0,0
Odoamne,xiaolaohu,0,0
Odoamne,Gumayusi,0,0
Odoamne,Vsta,0,0
Odoamne,Doinb,0,0
Odoamne,Unified,0,1
Odoamne,Willer,0,0
Odoamne,Bwipo,0,0
Odoamne,Alphari,0,0
Odoamne,Meiko,0,0
Odoamne,Carzzy,0,0
Odoamne,Clid,0,0
Odoamne,Oner,0,0
Elyoya,FBI,0,0
Elyoya,Ale,1,0
Elyoya,Scout,0,0
Elyoya,Viper,3,0
Elyoya,Armut,0,1
Elyoya,Jensen,0,0
Elyoya,Maple,0,0
Elyoya,Closer,0,0
Elyoya,Wei,0,2
Elyoya,Trymbi,0,0
Elyoya,River,0,0
Elyoya,Nisqy,1,1
Elyoya,Evi,0,0
Elyoya,Flandre,0,0
Elyoya,Huhi,0,0
Elyoya,Aria,0,0
Elyoya,Zven,0,3
Elyoya,Cryin,0,0
Elyoya,Fudge,0,0
Elyoya,Chovy,0,0
Elyoya,Xiaohu,0,1
Elyoya,Abbedagge,0,0
Elyoya,Vulcan,0,2
Elyoya,Hans-sama,0,0
Elyoya,Adam,0,0
Elyoya,Perkz,0,0
Elyoya,Yutapon,0,0
Elyoya,Hanabi,0,0
Elyoya,Inspired,0,0
Elyoya,Gaeng,0,0
Elyoya,Crisp,1,1
Elyoya,Tarzan,0,0
Elyoya,Steal,0,0
Elyoya,Ruler,0,0
Elyoya,Deft,0,0
Elyoya,Morgan,0,0
Elyoya,Upset,0,0
Elyoya,Khan,0,0
Elyoya,Blaber,0,0
Elyoya,Kaiwing,0,0
Elyoya,Iwandy,1,0
Elyoya,Keria,0,0
Elyoya,Ming,1,0
Elyoya,Hylissang,0,0
Elyoya,Life,0,0
Elyoya,Tactical,0,0
Elyoya,CoreJJ,2,1
Elyoya,Kaiser,0,2
Elyoya,DuDu,0,0
Elyoya,Nuguri,0,2
Elyoya,ShowMaker,0,0
Elyoya,Santorin,0,0
Elyoya,Rascal,0,0
Elyoya,Light,1,0
Elyoya,Lwx,0,0
Elyoya,Ghost,0,0
Elyoya,Faker,0,0
Elyoya,Ssumday,0,0
Elyoya,Larssen,1,0
Elyoya,Bdd,1,0
Elyoya,BeryL,0,0
Elyoya,Jiejie,1,0
Elyoya,Canyon,2,2
Elyoya,xiaolaohu,2,0
Elyoya,Gumayusi,0,0
Elyoya,Vsta,0,0
Elyoya,Doinb,0,0
Elyoya,Unified,0,0
Elyoya,Willer,0,0
Elyoya,Bwipo,1,0
Elyoya,Alphari,0,0
Elyoya,Meiko,1,0
Elyoya,Carzzy,1,1
Elyoya,Clid,0,0
Elyoya,Oner,1,2
FBI,Ale,0,0
FBI,Scout,0,0
FBI,Viper,0,0
FBI,Armut,0,0
FBI,Jensen,0,0
FBI,Maple,0,0
FBI,Closer,0,0
FBI,Wei,0,0
FBI,Trymbi,0,0
FBI,River,0,0
FBI,Nisqy,0,0
FBI,Evi,0,0
FBI,Flandre,0,1
FBI,Huhi,0,0
FBI,Aria,0,0
FBI,Zven,1,0
FBI,Cryin,0,0
FBI,Fudge,0,0
FBI,Chovy,0,0
FBI,Xiaohu,0,1
FBI,Abbedagge,0,0
FBI,Vulcan,1,0
FBI,Hans-sama,0,0
FBI,Adam,0,0
FBI,Perkz,0,0
FBI,Yutapon,0,0
FBI,Hanabi,0,0
FBI,Inspired,0,0
FBI,Gaeng,0,0
FBI,Crisp,0,0
FBI,Tarzan,0,0
FBI,Steal,0,0
FBI,Ruler,0,1
FBI,Deft,0,0
FBI,Morgan,0,0
FBI,Upset,0,0
FBI,Khan,0,0
FBI,Blaber,0,0
FBI,Kaiwing,0,0
FBI,Iwandy,1,0
FBI,Keria,0,0
FBI,Ming,0,0
FBI,Hylissang,0,0
FBI,Life,0,0
FBI,Tactical,0,0
FBI,CoreJJ,0,0
FBI,Kaiser,0,0
FBI,DuDu,0,0
FBI,Nuguri,0,0
FBI,ShowMaker,0,0
FBI,Santorin,0,0
FBI,Rascal,0,0
FBI,Light,0,0
FBI,Lwx,0,0
FBI,Ghost,0,0
FBI,Faker,0,0
FBI,Ssumday,1,0
FBI,Larssen,0,0
FBI,Bdd,0,0
FBI,BeryL,0,0
FBI,Jiejie,0,0
FBI,Canyon,0,0
FBI,xiaolaohu,1,0
FBI,Gumayusi,1,0
FBI,Vsta,0,0
FBI,Doinb,0,0
FBI,Unified,0,0
FBI,Willer,0,0
FBI,Bwipo,0,0
FBI,Alphari,0,0
FBI,Meiko,0,1
FBI,Carzzy,0,0
FBI,Clid,0,0
FBI,Oner,0,0
Ale,Scout,0,0
Ale,Viper,0,0
Ale,Armut,0,0
Ale,Jensen,0,0
Ale,Maple,0,0
Ale,Closer,0,0
Ale,Wei,1,1
Ale,Trymbi,0,1
Ale,River,1,0
Ale,Nisqy,0,0
Ale,Evi,0,0
Ale,Flandre,0,0
Ale,Huhi,0,0
Ale,Aria,0,0
Ale,Zven,0,0
Ale,Cryin,0,0
Ale,Fudge,0,0
Ale,Chovy,0,0
Ale,Xiaohu,0,1
Ale,Abbedagge,0,0
Ale,Vulcan,0,0
Ale,Hans-sama,0,0
Ale,Adam,0,0
Ale,Perkz,0,0
Ale,Yutapon,0,0
Ale,Hanabi,0,0
Ale,Inspired,0,0
Ale,Gaeng,0,0
Ale,Crisp,0,0
Ale,Tarzan,0,1
Ale,Steal,0,0
Ale,Ruler,0,0
Ale,Deft,0,0
Ale,Morgan,0,0
Ale,Upset,0,0
Ale,Khan,1,1
Ale,Blaber,0,0
Ale,Kaiwing,0,0
Ale,Iwandy,2,1
Ale,Keria,0,0
Ale,Ming,0,0
Ale,Hylissang,0,0
Ale,Life,0,0
Ale,Tactical,0,0
Ale,CoreJJ,0,0
Ale,Kaiser,0,0
Ale,DuDu,0,0
Ale,Nuguri,0,1
Ale,ShowMaker,0,0
Ale,Santorin,0,0
Ale,Rascal,0,0
Ale,Light,0,1
Ale,Lwx,0,0
Ale,Ghost,0,0
Ale,Faker,0,0
Ale,Ssumday,0,0
Ale,Larssen,0,0
Ale,Bdd,0,0
Ale,BeryL,0,0
Ale,Jiejie,1,2
Ale,Canyon,0,1
Ale,xiaolaohu,1,0
Ale,Gumayusi,0,0
Ale,Vsta,0,0
Ale,Doinb,0,0
Ale,Unified,0,0
Ale,Willer,0,0
Ale,Bwipo,0,0
Ale,Alphari,0,0
Ale,Meiko,0,0
Ale,Carzzy,0,0
Ale,Clid,0,0
Ale,Oner,0,0
Scout,Viper,0,1
Scout,Armut,0,0
Scout,Jensen,0,0
Scout,Maple,0,1
Scout,Closer,0,0
Scout,Wei,0,0
Scout,Trymbi,0,0
Scout,River,1,0
Scout,Nisqy,1,0
Scout,Evi,0,0
Scout,Flandre,2,1
Scout,Huhi,0,0
Scout,Aria,0,0
Scout,Zven,1,0
Scout,Cryin,1,0
Scout,Fudge,0,0
Scout,Chovy,0,0
Scout,Xiaohu,1,1
Scout,Abbedagge,0,0
Scout,Vulcan,0,0
Scout,Hans-sama,0,0
Scout,Adam,0,0
Scout,Perkz,0,0
Scout,Yutapon,0,0
Scout,Hanabi,0,0
Scout,Inspired,0,0
Scout,Gaeng,0,0
Scout,Crisp,0,0
Scout,Tarzan,0,0
Scout,Steal,0,0
Scout,Ruler,0,0
Scout,Deft,0,0
Scout,Morgan,0,1
Scout,Upset,0,0
Scout,Khan,0,0
Scout,Blaber,0,0
Scout,Kaiwing,0,0
Scout,Iwandy,0,0
Scout,Keria,1,2
Scout,Ming,1,2
Scout,Hylissang,0,0
Scout,Life,0,0
Scout,Tactical,0,0
Scout,CoreJJ,0,0
Scout,Kaiser,0,0
Scout,DuDu,1,1
Scout,Nuguri,0,0
Scout,ShowMaker,0,0
Scout,Santorin,0,0
Scout,Rascal,2,0
Scout,Light,0,0
Scout,Lwx,0,1
Scout,Ghost,0,0
Scout,Faker,0,0
Scout,Ssumday,2,0
Scout,Larssen,0,0
Scout,Bdd,0,0
Scout,BeryL,0,0
Scout,Jiejie,0,3
Scout,Canyon,0,1
Scout,xiaolaohu,0,0
Scout,Gumayusi,2,0
Scout,Vsta,1,1
Scout,Doinb,0,0
Scout,Unified,0,1
Scout,Willer,1,0
Scout,Bwipo,0,0
Scout,Alphari,0,0
Scout,Meiko,0,0
Scout,Carzzy,0,0
Scout,Clid,0,1
Scout,Oner,0,0
Viper,Armut,1,0
Viper,Jensen,0,0
Viper,Maple,0,0
Viper,Closer,0,0
Viper,Wei,1,1
Viper,Trymbi,0,0
Viper,River,2,0
Viper,Nisqy,0,0
Viper,Evi,0,0
Viper,Flandre,0,0
Viper,Huhi,0,0
Viper,Aria,0,0
Viper,Zven,0,0
Viper,Cryin,0,0
Viper,Fudge,0,0
Viper,Chovy,1,0
Viper,Xiaohu,0,0
Viper,Abbedagge,0,0
Viper,Vulcan,0,1
Viper,Hans-sama,0,0
Viper,Adam,0,0
Viper,Perkz,0,0
Viper,Yutapon,0,0
Viper,Hanabi,0,0
Viper,Inspired,0,0
Viper,Gaeng,0,0
Viper,Crisp,1,2
Viper,Tarzan,0,0
Viper,Steal,0,0
Viper,Ruler,0,0
Viper,Deft,0,0
Viper,Morgan,0,0
Viper,Upset,0,0
Viper,Khan,0,0
Viper,Blaber,0,0
Viper,Kaiwing,0,0
Viper,Iwandy,2,0
Viper,Keria,0,0
Viper,Ming,0,0
Viper,Hylissang,0,0
Viper,Life,0,0
Viper,Tactical,0,1
Viper,CoreJJ,1,2
Viper,Kaiser,0,0
Viper,DuDu,0,0
Viper,Nuguri,3,0
Viper,ShowMaker,0,1
Viper,Santorin,0,0
Viper,Rascal,2,0
Viper,Light,0,0
Viper,Lwx,0,0
Viper,Ghost,0,1
Viper,Faker,0,0
Viper,Ssumday,1,1
Viper,Larssen,1,1
Viper,Bdd,0,0
Viper,BeryL,0,0
Viper,Jiejie,2,1
Viper,Canyon,2,3
Viper,xiaolaohu,0,0
Viper,Gumayusi,0,0
Viper,Vsta,0,0
Viper,Doinb,0,0
Viper,Unified,0,0
Viper,Willer,0,0
Viper,Bwipo,0,0
Viper,Alphari,2,0
Viper,Meiko,1,1
Viper,Carzzy,0,3
Viper,Clid,0,0
Viper,Oner,2,1
Armut,Jensen,0,0
Armut,Maple,0,1
Armut,Closer,0,0
Armut,Wei,1,0
Armut,Trymbi,0,0
Armut,River,0,0
Armut,Nisqy,0,0
Armut,Evi,0,0
Armut,Flandre,0,0
Armut,Huhi,0,0
Armut,Aria,0,0
Armut,Zven,0,1
Armut,Cryin,0,0
Armut,Fudge,0,0
Armut,Chovy,0,0
Armut,Xiaohu,0,0
Armut,Abbedagge,0,0
Armut,Vulcan,0,0
Armut,Hans-sama,0,0
Armut,Adam,0,0
Armut,Perkz,0,0
Armut,Yutapon,0,0
Armut,Hanabi,0,0
Armut,Inspired,0,0
Armut,Gaeng,0,0
Armut,Crisp,0,0
Armut,Tarzan,0,0
Armut,Steal,0,0
Armut,Ruler,0,0
Armut,Deft,0,0
Armut,Morgan,0,0
Armut,Upset,0,0
Armut,Khan,0,1
Armut,Blaber,0,0
Armut,Kaiwing,0,0
Armut,Iwandy,1,0
Armut,Keria,0,0
Armut,Ming,0,0
Armut,Hylissang,0,0
Armut,Life,0,0
Armut,Tactical,0,1
Armut,CoreJJ,0,0
Armut,Kaiser,1,2
Armut,DuDu,0,0
Armut,Nuguri,0,1
Armut,ShowMaker,0,0
Armut,Santorin,0,0
Armut,Rascal,0,0
Armut,Light,0,0
Armut,Lwx,0,0
Armut,Ghost,0,0
Armut,Faker,1,0
Armut,Ssumday,0,0
Armut,Larssen,0,0
Armut,Bdd,0,0
Armut,BeryL,0,0
Armut,Jiejie,0,0
Armut,Canyon,2,0
Armut,xiaolaohu,2,0
Armut,Gumayusi,0,0
Armut,Vsta,0,0
Armut,Doinb,0,1
Armut,Unified,0,0
Armut,Willer,0,0
Armut,Bwipo,1,0
Armut,Alphari,0,0
Armut,Meiko,0,0
Armut,Carzzy,2,1
Armut,Clid,0,0
Armut,Oner,0,1
Jensen,Maple,0,0
Jensen,Closer,0,0
Jensen,Wei,0,0
Jensen,Trymbi,0,0
Jensen,River,0,0
Jensen,Nisqy,0,0
Jensen,Evi,0,0
Jensen,Flandre,0,0
Jensen,Huhi,0,0
Jensen,Aria,1,0
Jensen,Zven,0,0
Jensen,Cryin,0,1
Jensen,Fudge,0,0
Jensen,Chovy,0,0
Jensen,Xiaohu,0,0
Jensen,Abbedagge,0,0
Jensen,Vulcan,0,0
Jensen,Hans-sama,0,0
Jensen,Adam,0,0
Jensen,Perkz,0,0
Jensen,Yutapon,0,0
Jensen,Hanabi,1,0
Jensen,Inspired,0,0
Jensen,Gaeng,0,0
Jensen,Crisp,0,1
Jensen,Tarzan,3,0
Jensen,Steal,1,0
Jensen,Ruler,0,0
Jensen,Deft,0,0
Jensen,Morgan,0,0
Jensen,Upset,0,0
Jensen,Khan,0,0
Jensen,Blaber,0,0
Jensen,Kaiwing,0,0
Jensen,Iwandy,1,0
Jensen,Keria,0,1
Jensen,Ming,1,0
Jensen,Hylissang,0,0
Jensen,Life,0,0
Jensen,Tactical,0,0
Jensen,CoreJJ,0,0
Jensen,Kaiser,0,0
Jensen,DuDu,1,0
Jensen,Nuguri,0,0
Jensen,ShowMaker,0,0
Jensen,Santorin,0,0
Jensen,Rascal,0,2
Jensen,Light,0,0
Jensen,Lwx,0,0
Jensen,Ghost,0,0
Jensen,Faker,1,1
Jensen,Ssumday,0,0
Jensen,Larssen,0,0
Jensen,Bdd,0,1
Jensen,BeryL,0,0
Jensen,Jiejie,1,1
Jensen,Canyon,0,0
Jensen,xiaolaohu,0,0
Jensen,Gumayusi,0,0
Jensen,Vsta,0,0
Jensen,Doinb,0,0
Jensen,Unified,0,0
Jensen,Willer,0,0
Jensen,Bwipo,0,0
Jensen,Alphari,0,0
Jensen,Meiko,0,0
Jensen,Carzzy,0,0
Jensen,Clid,0,1
Jensen,Oner,0,0
Maple,Closer,0,0
Maple,Wei,0,0
Maple,Trymbi,0,0
Maple,River,0,0
Maple,Nisqy,0,1
Maple,Evi,0,0
Maple,Flandre,0,0
Maple,Huhi,0,0
Maple,Aria,0,0
Maple,Zven,0,0
Maple,Cryin,0,0
Maple,Fudge,0,0
Maple,Chovy,0,0
Maple,Xiaohu,0,2
Maple,Abbedagge,0,0
Maple,Vulcan,0,0
Maple,Hans-sama,0,0
Maple,Adam,0,0
Maple,Perkz,0,0
Maple,Yutapon,0,0
Maple,Hanabi,0,0
Maple,Inspired,0,0
Maple,Gaeng,0,0
Maple,Crisp,1,1
Maple,Tarzan,0,0
Maple,Steal,0,0
Maple,Ruler,0,0
Maple,Deft,0,0
Maple,Morgan,0,0
Maple,Upset,0,0
Maple,Khan,4,0
Maple,Blaber,0,0
Maple,Kaiwing,0,1
Maple,Iwandy,0,0
Maple,Keria,0,1
Maple,Ming,3,2
Maple,Hylissang,0,0
Maple,Life,0,0
Maple,Tactical,0,0
Maple,CoreJJ,0,0
Maple,Kaiser,0,0
Maple,DuDu,0,0
Maple,Nuguri,0,1
Maple,ShowMaker,1,0
Maple,Santorin,0,0
Maple,Rascal,0,1
Maple,Light,0,0
Maple,Lwx,0,0
Maple,Ghost,0,1
Maple,Faker,0,0
Maple,Ssumday,0,0
Maple,Larssen,1,0
Maple,Bdd,0,0
Maple,BeryL,0,0
Maple,Jiejie,2,0
Maple,Canyon,0,0
Maple,xiaolaohu,0,1
Maple,Gumayusi,0,0
Maple,Vsta,0,0
Maple,Doinb,1,0
Maple,Unified,1,0
Maple,Willer,0,0
Maple,Bwipo,0,0
Maple,Alphari,0,0
Maple,Meiko,1,2
Maple,Carzzy,0,0
Maple,Clid,0,0
Maple,Oner,0,2
Closer,Wei,0,0
Closer,Trymbi,0,0
Closer,River,0,0
Closer,Nisqy,0,0
Closer,Evi,0,0
Closer,Flandre,0,0
Closer,Huhi,0,0
Closer,Aria,0,0
Closer,Zven,0,0
Closer,Cryin,0,0
Closer,Fudge,0,0
Closer,Chovy,0,0
Closer,Xiaohu,0,0
Closer,Abbedagge,0,0
Closer,Vulcan,0,0
Closer,Hans-sama,0,0
Closer,Adam,0,0
Closer,Perkz,0,0
Closer,Yutapon,0,0
Closer,Hanabi,0,0
Closer,Inspired,0,0
Closer,Gaeng,0,0
Closer,Crisp,0,0
Closer,Tarzan,0,0
Closer,Steal,0,0
Closer,Ruler,0,0
Closer,Deft,0,1
Closer,Morgan,0,0
Closer,Upset,0,0
Closer,Khan,0,0
Closer,Blaber,0,0
Closer,Kaiwing,0,0
Closer,Iwandy,0,0
Closer,Keria,0,0
Closer,Ming,0,0
Closer,Hylissang,0,0
Closer,Life,1,0
Closer,Tactical,0,0
Closer,CoreJJ,0,0
Closer,Kaiser,0,0
Closer,DuDu,0,0
Closer,Nuguri,0,0
Closer,ShowMaker,0,0
Closer,Santorin,0,0
Closer,Rascal,0,0
Closer,Light,0,0
Closer,Lwx,0,0
Closer,Ghost,0,0
Closer,Faker,0,0
Closer,Ssumday,0,0
Closer,Larssen,0,0
Closer,Bdd,0,0
Closer,BeryL,0,0
Closer,Jiejie,0,0
Closer,Canyon,0,0
Closer,xiaolaohu,0,0
Closer,Gumayusi,0,0
Closer,Vsta,0,0
Closer,Doinb,0,0
Closer,Unified,0,0
Closer,Willer,0,0
Closer,Bwipo,0,0
Closer,Alphari,0,0
Closer,Meiko,0,0
Closer,Carzzy,0,0
Closer,Clid,0,0
Closer,Oner,0,0
Wei,Trymbi,0,0
Wei,River,0,0
Wei,Nisqy,0,0
Wei,Evi,0,0
Wei,Flandre,1,0
Wei,Huhi,0,0
Wei,Aria,0,0
Wei,Zven,0,0
Wei,Cryin,0,0
Wei,Fudge,0,0
Wei,Chovy,0,0
Wei,Xiaohu,1,1
Wei,Abbedagge,0,1
Wei,Vulcan,0,0
Wei,Hans-sama,1,0
Wei,Adam,1,0
Wei,Perkz,0,0
Wei,Yutapon,0,0
Wei,Hanabi,0,0
Wei,Inspired,0,0
Wei,Gaeng,0,0
Wei,Crisp,0,0
Wei,Tarzan,0,1
Wei,Steal,0,0
Wei,Ruler,0,0
Wei,Deft,0,0
Wei,Morgan,0,0
Wei,Upset,0,0
Wei,Khan,0,0
Wei,Blaber,0,0
Wei,Kaiwing,0,0
Wei,Iwandy,1,0
Wei,Keria,0,0
Wei,Ming,3,1
Wei,Hylissang,0,0
Wei,Life,0,0
Wei,Tactical,0,1
Wei,CoreJJ,0,1
Wei,Kaiser,0,1
Wei,DuDu,0,0
Wei,Nuguri,3,2
Wei,ShowMaker,1,1
Wei,Santorin,0,0
Wei,Rascal,0,1
Wei,Light,1,1
Wei,Lwx,0,0
Wei,Ghost,0,0
Wei,Faker,0,0
Wei,Ssumday,0,0
Wei,Larssen,0,0
Wei,Bdd,0,0
Wei,BeryL,0,0
Wei,Jiejie,1,0
Wei,Canyon,1,1
Wei,xiaolaohu,1,3
Wei,Gumayusi,0,0
Wei,Vsta,0,0
Wei,Doinb,1,0
Wei,Unified,0,0
Wei,Willer,0,0
Wei,Bwipo,0,0
Wei,Alphari,0,1
Wei,Meiko,0,2
Wei,Carzzy,0,0
Wei,Clid,0,0
Wei,Oner,0,1
Trymbi,River,0,0
Trymbi,Nisqy,0,0
Trymbi,Evi,0,0
Trymbi,Flandre,0,0
Trymbi,Huhi,0,0
Trymbi,Aria,0,0
Trymbi,Zven,0,0
Trymbi,Cryin,0,0
Trymbi,Fudge,0,0
Trymbi,Chovy,0,1
Trymbi,Xiaohu,0,0
Trymbi,Abbedagge,0,0
Trymbi,Vulcan,0,0
Trymbi,Hans-sama,2,0
Trymbi,Adam,2,0
Trymbi,Perkz,0,0
Trymbi,Yutapon,0,0
Trymbi,Hanabi,0,0
Trymbi,Inspired,0,0
Trymbi,Gaeng,0,0
Trymbi,Crisp,0,0
Trymbi,Tarzan,0,0
Trymbi,Steal,0,0
Trymbi,Ruler,0,0
Trymbi,Deft,0,0
Trymbi,Morgan,0,0
Trymbi,Upset,0,0
Trymbi,Khan,0,0
Trymbi,Blaber,0,0
Trymbi,Kaiwing,0,0
Trymbi,Iwandy,0,0
Trymbi,Keria,0,0
Trymbi,Ming,0,0
Trymbi,Hylissang,0,0
Trymbi,Life,0,0
Trymbi,Tactical,0,0
Trymbi,CoreJJ,0,0
Trymbi,Kaiser,0,0
Trymbi,DuDu,0,0
Trymbi,Nuguri,0,0
Trymbi,ShowMaker,0,0
Trymbi,Santorin,0,0
Trymbi,Rascal,0,0
Trymbi,Light,0,0
Trymbi,Lwx,0,0
Trymbi,Ghost,0,0
Trymbi,Faker,0,0
Trymbi,Ssumday,0,0
Trymbi,Larssen,0,0
Trymbi,Bdd,0,0
Trymbi,BeryL,0,0
Trymbi,Jiejie,0,0
Trymbi,Canyon,0,0
Trymbi,xiaolaohu,0,0
Trymbi,Gumayusi,0,0
Trymbi,Vsta,0,0
Trymbi,Doinb,0,0
Trymbi,Unified,0,0
Trymbi,Willer,0,0
Trymbi,Bwipo,0,0
Trymbi,Alphari,0,0
Trymbi,Meiko,0,0
Trymbi,Carzzy,0,0
Trymbi,Clid,0,0
Trymbi,Oner,0,0
River,Nisqy,1,0
River,Evi,0,0
River,Flandre,0,0
River,Huhi,0,0
River,Aria,0,0
River,Zven,0,0
River,Cryin,0,0
River,Fudge,1,1
River,Chovy,0,0
River,Xiaohu,1,0
River,Abbedagge,0,0
River,Vulcan,0,0
River,Hans-sama,0,0
River,Adam,0,0
River,Perkz,0,0
River,Yutapon,0,0
River,Hanabi,0,0
River,Inspired,0,0
River,Gaeng,0,0
River,Crisp,2,0
River,Tarzan,1,0
River,Steal,0,0
River,Ruler,0,0
River,Deft,0,0
River,Morgan,0,0
River,Upset,0,0
River,Khan,0,0
River,Blaber,0,0
River,Kaiwing,0,0
River,Iwandy,0,0
River,Keria,0,0
River,Ming,0,0
River,Hylissang,0,0
River,Life,0,0
River,Tactical,0,0
River,CoreJJ,0,1
River,Kaiser,0,0
River,DuDu,0,0
River,Nuguri,0,2
River,ShowMaker,0,0
River,Santorin,0,0
River,Rascal,2,1
River,Light,0,1
River,Lwx,0,0
River,Ghost,0,0
River,Faker,0,0
River,Ssumday,0,0
River,Larssen,2,0
River,Bdd,0,0
River,BeryL,0,0
River,Jiejie,0,0
River,Canyon,0,1
River,xiaolaohu,0,1
River,Gumayusi,0,0
River,Vsta,0,0
River,Doinb,0,0
River,Unified,0,0
River,Willer,0,0
River,Bwipo,0,1
River,Alphari,0,0
River,Meiko,0,1
River,Carzzy,0,0
River,Clid,0,0
River,Oner,0,0
Nisqy,Evi,0,0
Nisqy,Flandre,0,0
Nisqy,Huhi,0,0
Nisqy,Aria,0,0
Nisqy,Zven,0,0
Nisqy,Cryin,0,0
Nisqy,Fudge,0,0
Nisqy,Chovy,0,0
Nisqy,Xiaohu,0,0
Nisqy,Abbedagge,0,0
Nisqy,Vulcan,0,0
Nisqy,Hans-sama,0,0
Nisqy,Adam,0,0
Nisqy,Perkz,0,0
Nisqy,Yutapon,0,0
Nisqy,Hanabi,0,0
Nisqy,Inspired,0,0
Nisqy,Gaeng,0,0
Nisqy,Crisp,0,0
Nisqy,Tarzan,0,0
Nisqy,Steal,0,0
Nisqy,Ruler,0,0
Nisqy,Deft,0,0
Nisqy,Morgan,0,0
Nisqy,Upset,0,0
Nisqy,Khan,0,0
Nisqy,Blaber,0,0
Nisqy,Kaiwing,0,0
Nisqy,Iwandy,0,0
Nisqy,Keria,0,0
Nisqy,Ming,0,0
Nisqy,Hylissang,0,0
Nisqy,Life,0,0
Nisqy,Tactical,0,0
Nisqy,CoreJJ,0,0
Nisqy,Kaiser,0,0
Nisqy,DuDu,0,0
Nisqy,Nuguri,0,0
Nisqy,ShowMaker,0,0
Nisqy,Santorin,0,0
Nisqy,Rascal,0,0
Nisqy,Light,0,0
Nisqy,Lwx,1,0
Nisqy,Ghost,0,0
Nisqy,Faker,0,0
Nisqy,Ssumday,0,0
Nisqy,Larssen,2,0
Nisqy,Bdd,0,0
Nisqy,BeryL,0,0
Nisqy,Jiejie,0,0
Nisqy,Canyon,0,0
Nisqy,xiaolaohu,0,0
Nisqy,Gumayusi,0,0
Nisqy,Vsta,1,0
Nisqy,Doinb,0,0
Nisqy,Unified,0,0
Nisqy,Willer,0,0
Nisqy,Bwipo,0,1
Nisqy,Alphari,0,0
Nisqy,Meiko,0,0
Nisqy,Carzzy,0,0
Nisqy,Clid,0,0
Nisqy,Oner,0,0
Evi,Flandre,0,0
Evi,Huhi,0,0
Evi,Aria,0,0
Evi,Zven,0,0
Evi,Cryin,0,0
Evi,Fudge,0,0
Evi,Chovy,0,0
Evi,Xiaohu,0,0
Evi,Abbedagge,0,0
Evi,Vulcan,0,0
Evi,Hans-sama,0,0
Evi,Adam,0,0
Evi,Perkz,0,0
Evi,Yutapon,0,1
Evi,Hanabi,0,0
Evi,Inspired,0,0
Evi,Gaeng,0,1
Evi,Crisp,0,0
Evi,Tarzan,0,0
Evi,Steal,0,0
Evi,Ruler,0,0
Evi,Deft,0,0
Evi,Morgan,0,0
Evi,Upset,0,0
Evi,Khan,0,0
Evi,Blaber,0,0
Evi,Kaiwing,0,0
Evi,Iwandy,0,0
Evi,Keria,0,0
Evi,Ming,0,0
Evi,Hylissang,0,0
Evi,Life,0,0
Evi,Tactical,0,0
Evi,CoreJJ,0,0
Evi,Kaiser,0,0
Evi,DuDu,0,0
Evi,Nuguri,0,0
Evi,ShowMaker,0,0
Evi,Santorin,0,0
Evi,Rascal,0,0
Evi,Light,0,0
Evi,Lwx,0,0
Evi,Ghost,0,0
Evi,Faker,0,0
Evi,Ssumday,0,0
Evi,Larssen,0,0
Evi,Bdd,0,0
Evi,BeryL,0,0
Evi,Jiejie,0,0
Evi,Canyon,0,0
Evi,xiaolaohu,0,0
Evi,Gumayusi,0,0
Evi,Vsta,0,0
Evi,Doinb,0,0
Evi,Unified,0,0
Evi,Willer,0,0
Evi,Bwipo,0,0
Evi,Alphari,0,0
Evi,Meiko,0,0
Evi,Carzzy,0,0
Evi,Clid,0,0
Evi,Oner,0,0
Flandre,Huhi,0,0
Flandre,Aria,0,0
Flandre,Zven,0,0
Flandre,Cryin,0,0
Flandre,Fudge,0,0
Flandre,Chovy,0,0
Flandre,Xiaohu,0,0
Flandre,Abbedagge,0,0
Flandre,Vulcan,0,0
Flandre,Hans-sama,0,0
Flandre,Adam,0,0
Flandre,Perkz,0,0
Flandre,Yutapon,0,0
Flandre,Hanabi,0,0
Flandre,Inspired,0,0
Flandre,Gaeng,0,0
Flandre,Crisp,0,0
Flandre,Tarzan,0,0
Flandre,Steal,0,0
Flandre,Ruler,1,0
Flandre,Deft,0,0
Flandre,Morgan,0,0
Flandre,Upset,0,0
Flandre,Khan,0,0
Flandre,Blaber,0,0
Flandre,Kaiwing,0,0
Flandre,Iwandy,1,0
Flandre,Keria,0,0
Flandre,Ming,0,1
Flandre,Hylissang,0,0
Flandre,Life,0,0
Flandre,Tactical,0,0
Flandre,CoreJJ,0,0
Flandre,Kaiser,0,0
Flandre,DuDu,1,0
Flandre,Nuguri,0,0
Flandre,ShowMaker,0,0
Flandre,Santorin,0,0
Flandre,Rascal,0,0
Flandre,Light,0,1
Flandre,Lwx,0,0
Flandre,Ghost,0,0
Flandre,Faker,1,1
Flandre,Ssumday,0,0
Flandre,Larssen,0,0
Flandre,Bdd,0,0
Flandre,BeryL,0,0
Flandre,Jiejie,1,0
Flandre,Canyon,0,0
Flandre,xiaolaohu,0,0
Flandre,Gumayusi,0,0
Flandre,Vsta,0,0
Flandre,Doinb,3,1
Flandre,Unified,0,0
Flandre,Willer,0,0
Flandre,Bwipo,0,0
Flandre,Alphari,0,0
Flandre,Meiko,0,1
Flandre,Carzzy,0,1
Flandre,Clid,0,0
Flandre,Oner,0,0
Huhi,Aria,0,0
Huhi,Zven,0,0
Huhi,Cryin,0,0
Huhi,Fudge,0,0
Huhi,Chovy,0,0
Huhi,Xiaohu,0,0
Huhi,Abbedagge,0,0
Huhi,Vulcan,0,0
Huhi,Hans-sama,0,0
Huhi,Adam,0,0
Huhi,Perkz,0,0
Huhi,Yutapon,0,0
Huhi,Hanabi,0,0
Huhi,Inspired,0,0
Huhi,Gaeng,0,0
Huhi,Crisp,0,0
Huhi,Tarzan,0,0
Huhi,Steal,0,0
Huhi,Ruler,0,0
Huhi,Deft,0,1
Huhi,Morgan,0,0
Huhi,Upset,0,0
Huhi,Khan,0,0
Huhi,Blaber,0,0
Huhi,Kaiwing,0,0
Huhi,Iwandy,0,0
Huhi,Keria,0,0
Huhi,Ming,0,0
Huhi,Hylissang,0,0
Huhi,Life,0,0
Huhi,Tactical,0,0
Huhi,CoreJJ,0,0
Huhi,Kaiser,0,0
Huhi,DuDu,0,0
Huhi,Nuguri,0,0
Huhi,ShowMaker,0,0
Huhi,Santorin,0,1
Huhi,Rascal,0,0
Huhi,Light,0,0
Huhi,Lwx,0,0
Huhi,Ghost,0,0
Huhi,Faker,0,0
Huhi,Ssumday,0,0
Huhi,Larssen,0,0
Huhi,Bdd,0,0
Huhi,BeryL,0,0
Huhi,Jiejie,0,0
Huhi,Canyon,0,0
Huhi,xiaolaohu,0,0
Huhi,Gumayusi,0,0
Huhi,Vsta,0,0
Huhi,Doinb,0,0
Huhi,Unified,0,0
Huhi,Willer,0,0
Huhi,Bwipo,0,0
Huhi,Alphari,0,0
Huhi,Meiko,0,0
Huhi,Carzzy,0,0
Huhi,Clid,0,0
Huhi,Oner,0,0
Aria,Zven,0,0
Aria,Cryin,0,0
Aria,Fudge,0,0
Aria,Chovy,0,0
Aria,Xiaohu,0,0
Aria,Abbedagge,0,0
Aria,Vulcan,0,0
Aria,Hans-sama,0,0
Aria,Adam,0,0
Aria,Perkz,0,0
Aria,Yutapon,0,0
Aria,Hanabi,0,0
Aria,Inspired,0,0
Aria,Gaeng,0,0
Aria,Crisp,0,0
Aria,Tarzan,0,0
Aria,Steal,0,0
Aria,Ruler,0,0
Aria,Deft,0,0
Aria,Morgan,0,0
Aria,Upset,0,0
Aria,Khan,0,0
Aria,Blaber,0,0
Aria,Kaiwing,0,0
Aria,Iwandy,0,0
Aria,Keria,0,0
Aria,Ming,0,0
Aria,Hylissang,0,0
Aria,Life,0,0
Aria,Tactical,0,0
Aria,CoreJJ,0,0
Aria,Kaiser,0,0
Aria,DuDu,0,0
Aria,Nuguri,0,0
Aria,ShowMaker,0,0
Aria,Santorin,0,0
Aria,Rascal,0,0
Aria,Light,0,0
Aria,Lwx,0,0
Aria,Ghost,0,0
Aria,Faker,0,0
Aria,Ssumday,0,0
Aria,Larssen,0,0
Aria,Bdd,0,0
Aria,BeryL,0,0
Aria,Jiejie,0,0
Aria,Canyon,0,0
Aria,xiaolaohu,0,0
Aria,Gumayusi,0,0
Aria,Vsta,0,0
Aria,Doinb,0,0
Aria,Unified,0,0
Aria,Willer,0,0
Aria,Bwipo,0,0
Aria,Alphari,0,0
Aria,Meiko,0,0
Aria,Carzzy,0,0
Aria,Clid,0,0
Aria,Oner,0,0
Zven,Cryin,0,0
Zven,Fudge,1,0
Zven,Chovy,0,0
Zven,Xiaohu,0,0
Zven,Abbedagge,0,0
Zven,Vulcan,0,0
Zven,Hans-sama,0,0
Zven,Adam,0,0
Zven,Perkz,0,0
Zven,Yutapon,0,0
Zven,Hanabi,0,0
Zven,Inspired,0,0
Zven,Gaeng,0,0
Zven,Crisp,1,0
Zven,Tarzan,0,0
Zven,Steal,0,0
Zven,Ruler,0,0
Zven,Deft,0,0
Zven,Morgan,0,0
Zven,Upset,0,0
Zven,Khan,0,0
Zven,Blaber,1,0
Zven,Kaiwing,0,0
Zven,Iwandy,0,1
Zven,Keria,0,0
Zven,Ming,1,0
Zven,Hylissang,0,0
Zven,Life,0,0
Zven,Tactical,0,2
Zven,CoreJJ,0,0
Zven,Kaiser,0,0
Zven,DuDu,0,0
Zven,Nuguri,1,1
Zven,ShowMaker,0,2
Zven,Santorin,0,0
Zven,Rascal,0,0
Zven,Light,1,0
Zven,Lwx,0,0
Zven,Ghost,0,0
Zven,Faker,0,0
Zven,Ssumday,0,0
Zven,Larssen,0,1
Zven,Bdd,0,0
Zven,BeryL,0,0
Zven,Jiejie,1,1
Zven,Canyon,0,2
Zven,xiaolaohu,0,0
Zven,Gumayusi,1,1
Zven,Vsta,0,0
Zven,Doinb,0,0
Zven,Unified,0,0
Zven,Willer,0,0
Zven,Bwipo,0,0
Zven,Alphari,2,3
Zven,Meiko,1,0
Zven,Carzzy,0,1
Zven,Clid,0,0
Zven,Oner,0,1
Cryin,Fudge,0,0
Cryin,Chovy,0,0
Cryin,Xiaohu,1,0
Cryin,Abbedagge,0,0
Cryin,Vulcan,0,0
Cryin,Hans-sama,0,0
Cryin,Adam,0,0
Cryin,Perkz,0,0
Cryin,Yutapon,0,0
Cryin,Hanabi,1,0
Cryin,Inspired,0,0
Cryin,Gaeng,0,0
Cryin,Crisp,0,0
Cryin,Tarzan,0,0
Cryin,Steal,0,0
Cryin,Ruler,0,0
Cryin,Deft,0,1
Cryin,Morgan,0,0
Cryin,Upset,0,0
Cryin,Khan,0,1
Cryin,Blaber,0,0
Cryin,Kaiwing,1,1
Cryin,Iwandy,0,0
Cryin,Keria,0,0
Cryin,Ming,0,0
Cryin,Hylissang,0,0
Cryin,Life,0,0
Cryin,Tactical,0,0
Cryin,CoreJJ,0,0
Cryin,Kaiser,0,0
Cryin,DuDu,0,1
Cryin,Nuguri,0,0
Cryin,ShowMaker,0,0
Cryin,Santorin,0,0
Cryin,Rascal,0,0
Cryin,Light,0,0
Cryin,Lwx,0,0
Cryin,Ghost,0,0
Cryin,Faker,0,0
Cryin,Ssumday,0,0
Cryin,Larssen,0,0
Cryin,Bdd,0,0
Cryin,BeryL,0,0
Cryin,Jiejie,0,0
Cryin,Canyon,0,0
Cryin,xiaolaohu,0,0
Cryin,Gumayusi,0,0
Cryin,Vsta,0,1
Cryin,Doinb,0,1
Cryin,Unified,0,0
Cryin,Willer,1,0
Cryin,Bwipo,0,0
Cryin,Alphari,0,0
Cryin,Meiko,0,0
Cryin,Carzzy,0,0
Cryin,Clid,0,0
Cryin,Oner,0,0
Fudge,Chovy,0,0
Fudge,Xiaohu,0,0
Fudge,Abbedagge,0,0
Fudge,Vulcan,0,0
Fudge,Hans-sama,0,0
Fudge,Adam,0,0
Fudge,Perkz,0,0
Fudge,Yutapon,0,0
Fudge,Hanabi,0,0
Fudge,Inspired,0,0
Fudge,Gaeng,0,0
Fudge,Crisp,0,0
Fudge,Tarzan,0,0
Fudge,Steal,0,0
Fudge,Ruler,0,0
Fudge,Deft,0,0
Fudge,Morgan,0,0
Fudge,Upset,0,0
Fudge,Khan,0,0
Fudge,Blaber,0,0
Fudge,Kaiwing,0,0
Fudge,Iwandy,1,0
Fudge,Keria,0,0
Fudge,Ming,0,0
Fudge,Hylissang,0,0
Fudge,Life,0,0
Fudge,Tactical,0,0
Fudge,CoreJJ,0,0
Fudge,Kaiser,0,0
Fudge,DuDu,0,0
Fudge,Nuguri,0,0
Fudge,ShowMaker,0,0
Fudge,Santorin,0,0
Fudge,Rascal,0,0
Fudge,Light,0,0
Fudge,Lwx,0,0
Fudge,Ghost,0,0
Fudge,Faker,0,0
Fudge,Ssumday,0,0
Fudge,Larssen,0,0
Fudge,Bdd,0,0
Fudge,BeryL,0,0
Fudge,Jiejie,0,0
Fudge,Canyon,1,0
Fudge,xiaolaohu,0,0
Fudge,Gumayusi,0,0
Fudge,Vsta,0,0
Fudge,Doinb,0,0
Fudge,Unified,0,0
Fudge,Willer,0,0
Fudge,Bwipo,0,0
Fudge,Alphari,0,1
Fudge,Meiko,0,0
Fudge,Carzzy,0,0
Fudge,Clid,0,0
Fudge,Oner,0,0
Chovy,Xiaohu,0,0
Chovy,Abbedagge,0,1
Chovy,Vulcan,0,0
Chovy,Hans-sama,1,0
Chovy,Adam,0,0
Chovy,Perkz,0,0
Chovy,Yutapon,0,0
Chovy,Hanabi,1,1
Chovy,Inspired,0,0
Chovy,Gaeng,0,0
Chovy,Crisp,0,0
Chovy,Tarzan,1,0
Chovy,Steal,0,0
Chovy,Ruler,0,0
Chovy,Deft,0,1
Chovy,Morgan,1,2
Chovy,Upset,0,0
Chovy,Khan,0,0
Chovy,Blaber,0,0
Chovy,Kaiwing,0,0
Chovy,Iwandy,0,0
Chovy,Keria,1,0
Chovy,Ming,0,0
Chovy,Hylissang,0,0
Chovy,Life,0,0
Chovy,Tactical,0,0
Chovy,CoreJJ,0,0
Chovy,Kaiser,1,0
Chovy,DuDu,1,0
Chovy,Nuguri,0,0
Chovy,ShowMaker,0,0
Chovy,Santorin,0,0
Chovy,Rascal,0,0
Chovy,Light,0,0
Chovy,Lwx,0,0
Chovy,Ghost,0,0
Chovy,Faker,0,0
Chovy,Ssumday,0,0
Chovy,Larssen,0,0
Chovy,Bdd,0,0
Chovy,BeryL,0,0
Chovy,Jiejie,0,0
Chovy,Canyon,0,0
Chovy,xiaolaohu,0,0
Chovy,Gumayusi,0,0
Chovy,Vsta,2,1
Chovy,Doinb,0,0
Chovy,Unified,0,0
Chovy,Willer,1,0
Chovy,Bwipo,0,0
Chovy,Alphari,0,0
Chovy,Meiko,0,0
Chovy,Carzzy,1,0
Chovy,Clid,0,1
Chovy,Oner,0,0
Xiaohu,Abbedagge,0,0
Xiaohu,Vulcan,0,0
Xiaohu,Hans-sama,0,0
Xiaohu,Adam,0,1
Xiaohu,Perkz,0,0
Xiaohu,Yutapon,0,0
Xiaohu,Hanabi,0,0
Xiaohu,Inspired,0,0
Xiaohu,Gaeng,0,0
Xiaohu,Crisp,0,0
Xiaohu,Tarzan,0,1
Xiaohu,Steal,0,0
Xiaohu,Ruler,1,0
Xiaohu,Deft,0,0
Xiaohu,Morgan,0,0
Xiaohu,Upset,0,0
Xiaohu,Khan,0,0
Xiaohu,Blaber,1,0
Xiaohu,Kaiwing,1,0
Xiaohu,Iwandy,0,0
Xiaohu,Keria,0,0
Xiaohu,Ming,1,0
Xiaohu,Hylissang,0,0
Xiaohu,Life,0,0
Xiaohu,Tactical,1,0
Xiaohu,CoreJJ,0,0
Xiaohu,Kaiser,0,0
Xiaohu,DuDu,0,0
Xiaohu,Nuguri,0,0
Xiaohu,ShowMaker,1,0
Xiaohu,Santorin,0,0
Xiaohu,Rascal,0,0
Xiaohu,Light,1,1
Xiaohu,Lwx,0,0
Xiaohu,Ghost,0,1
Xiaohu,Faker,0,0
Xiaohu,Ssumday,0,0
Xiaohu,Larssen,0,0
Xiaohu,Bdd,0,0
Xiaohu,BeryL,0,0
Xiaohu,Jiejie,0,0
Xiaohu,Canyon,0,0
Xiaohu,xiaolaohu,0,0
Xiaohu,Gumayusi,0,0
Xiaohu,Vsta,0,0
Xiaohu,Doinb,1,1
Xiaohu,Unified,0,0
Xiaohu,Willer,0,0
Xiaohu,Bwipo,1,0
Xiaohu,Alphari,0,0
Xiaohu,Meiko,1,2
Xiaohu,Carzzy,0,0
Xiaohu,Clid,0,0
Xiaohu,Oner,0,0
Abbedagge,Vulcan,0,0
Abbedagge,Hans-sama,1,2
Abbedagge,Adam,0,0
Abbedagge,Perkz,0,0
Abbedagge,Yutapon,0,0
Abbedagge,Hanabi,0,0
Abbedagge,Inspired,0,0
Abbedagge,Gaeng,0,0
Abbedagge,Crisp,1,0
Abbedagge,Tarzan,0,0
Abbedagge,Steal,0,0
Abbedagge,Ruler,0,1
Abbedagge,Deft,0,0
Abbedagge,Morgan,0,0
Abbedagge,Upset,0,0
Abbedagge,Khan,0,0
Abbedagge,Blaber,0,0
Abbedagge,Kaiwing,0,0
Abbedagge,Iwandy,0,0
Abbedagge,Keria,0,0
Abbedagge,Ming,0,0
Abbedagge,Hylissang,0,0
Abbedagge,Life,0,0
Abbedagge,Tactical,0,0
Abbedagge,CoreJJ,0,0
Abbedagge,Kaiser,0,0
Abbedagge,DuDu,0,0
Abbedagge,Nuguri,0,0
Abbedagge,ShowMaker,0,0
Abbedagge,Santorin,0,0
Abbedagge,Rascal,0,1
Abbedagge,Light,0,0
Abbedagge,Lwx,0,0
Abbedagge,Ghost,0,0
Abbedagge,Faker,0,0
Abbedagge,Ssumday,0,0
Abbedagge,Larssen,0,0
Abbedagge,Bdd,0,0
Abbedagge,BeryL,0,0
Abbedagge,Jiejie,0,0
Abbedagge,Canyon,0,1
Abbedagge,xiaolaohu,0,0
Abbedagge,Gumayusi,1,0
Abbedagge,Vsta,0,0
Abbedagge,Doinb,0,1
Abbedagge,Unified,0,0
Abbedagge,Willer,0,0
Abbedagge,Bwipo,1,0
Abbedagge,Alphari,0,0
Abbedagge,Meiko,1,0
Abbedagge,Carzzy,0,0
Abbedagge,Clid,0,0
Abbedagge,Oner,0,1
Vulcan,Hans-sama,0,0
Vulcan,Adam,0,0
Vulcan,Perkz,0,0
Vulcan,Yutapon,0,0
Vulcan,Hanabi,0,0
Vulcan,Inspired,0,0
Vulcan,Gaeng,0,0
Vulcan,Crisp,0,0
Vulcan,Tarzan,0,1
Vulcan,Steal,0,0
Vulcan,Ruler,0,0
Vulcan,Deft,0,0
Vulcan,Morgan,0,0
Vulcan,Upset,0,0
Vulcan,Khan,0,0
Vulcan,Blaber,0,0
Vulcan,Kaiwing,0,0
Vulcan,Iwandy,0,0
Vulcan,Keria,0,0
Vulcan,Ming,0,0
Vulcan,Hylissang,0,0
Vulcan,Life,0,0
Vulcan,Tactical,0,0
Vulcan,CoreJJ,0,0
Vulcan,Kaiser,0,0
Vulcan,DuDu,0,0
Vulcan,Nuguri,0,0
Vulcan,ShowMaker,0,0
Vulcan,Santorin,0,0
Vulcan,Rascal,0,0
Vulcan,Light,0,0
Vulcan,Lwx,0,0
Vulcan,Ghost,0,0
Vulcan,Faker,0,0
Vulcan,Ssumday,0,0
Vulcan,Larssen,0,0
Vulcan,Bdd,0,0
Vulcan,BeryL,0,0
Vulcan,Jiejie,0,0
Vulcan,Canyon,0,0
Vulcan,xiaolaohu,1,0
Vulcan,Gumayusi,0,1
Vulcan,Vsta,0,0
Vulcan,Doinb,0,0
Vulcan,Unified,0,0
Vulcan,Willer,0,0
Vulcan,Bwipo,0,0
Vulcan,Alphari,0,0
Vulcan,Meiko,0,0
Vulcan,Carzzy,0,0
Vulcan,Clid,0,0
Vulcan,Oner,0,0
Hans-sama,Adam,1,0
Hans-sama,Perkz,0,0
Hans-sama,Yutapon,0,0
Hans-sama,Hanabi,0,0
Hans-sama,Inspired,0,0
Hans-sama,Gaeng,0,0
Hans-sama,Crisp,0,0
Hans-sama,Tarzan,0,0
Hans-sama,Steal,0,0
Hans-sama,Ruler,0,0
Hans-sama,Deft,0,0
Hans-sama,Morgan,1,0
Hans-sama,Upset,0,0
Hans-sama,Khan,0,0
Hans-sama,Blaber,0,0
Hans-sama,Kaiwing,0,0
Hans-sama,Iwandy,0,0
Hans-sama,Keria,0,0
Hans-sama,Ming,1,0
Hans-sama,Hylissang,0,0
Hans-sama,Life,0,0
Hans-sama,Tactical,0,0
Hans-sama,CoreJJ,0,0
Hans-sama,Kaiser,0,0
Hans-sama,DuDu,0,0
Hans-sama,Nuguri,0,0
Hans-sama,ShowMaker,0,0
Hans-sama,Santorin,0,0
Hans-sama,Rascal,0,0
Hans-sama,Light,0,0
Hans-sama,Lwx,0,0
Hans-sama,Ghost,0,0
Hans-sama,Faker,0,0
Hans-sama,Ssumday,0,0
Hans-sama,Larssen,1,0
Hans-sama,Bdd,0,0
Hans-sama,BeryL,0,0
Hans-sama,Jiejie,0,0
Hans-sama,Canyon,0,0
Hans-sama,xiaolaohu,1,1
Hans-sama,Gumayusi,0,0
Hans-sama,Vsta,0,0
Hans-sama,Doinb,0,0
Hans-sama,Unified,0,0
Hans-sama,Willer,0,0
Hans-sama,Bwipo,1,0
Hans-sama,Alphari,1,0
Hans-sama,Meiko,1,1
Hans-sama,Carzzy,0,0
Hans-sama,Clid,0,0
Hans-sama,Oner,0,2
Adam,Perkz,0,0
Adam,Yutapon,0,0
Adam,Hanabi,0,0
Adam,Inspired,0,0
Adam,Gaeng,0,0
Adam,Crisp,0,1
Adam,Tarzan,0,0
Adam,Steal,0,0
Adam,Ruler,0,0
Adam,Deft,0,0
Adam,Morgan,0,0
Adam,Upset,0,0
Adam,Khan,0,0
Adam,Blaber,0,0
Adam,Kaiwing,0,0
Adam,Iwandy,0,0
Adam,Keria,0,0
Adam,Ming,0,0
Adam,Hylissang,0,0
Adam,Life,0,0
Adam,Tactical,0,1
Adam,CoreJJ,1,0
Adam,Kaiser,0,0
Adam,DuDu,0,0
Adam,Nuguri,0,1
Adam,ShowMaker,1,0
Adam,Santorin,0,0
Adam,Rascal,0,0
Adam,Light,0,0
Adam,Lwx,0,0
Adam,Ghost,0,0
Adam,Faker,0,0
Adam,Ssumday,0,0
Adam,Larssen,0,0
Adam,Bdd,0,0
Adam,BeryL,0,0
Adam,Jiejie,0,2
Adam,Canyon,0,1
Adam,xiaolaohu,0,1
Adam,Gumayusi,0,0
Adam,Vsta,0,0
Adam,Doinb,0,1
Adam,Unified,0,0
Adam,Willer,0,0
Adam,Bwipo,0,2
Adam,Alphari,0,0
Adam,Meiko,1,1
Adam,Carzzy,0,0
Adam,Clid,0,0
Adam,Oner,0,0
Perkz,Yutapon,0,0
Perkz,Hanabi,0,0
Perkz,Inspired,0,0
Perkz,Gaeng,0,0
Perkz,Crisp,0,0
Perkz,Tarzan,0,0
Perkz,Steal,0,0
Perkz,Ruler,0,0
Perkz,Deft,0,0
Perkz,Morgan,0,0
Perkz,Upset,0,0
Perkz,Khan,0,0
Perkz,Blaber,0,0
Perkz,Kaiwing,0,0
Perkz,Iwandy,0,0
Perkz,Keria,0,0
Perkz,Ming,0,0
Perkz,Hylissang,0,0
Perkz,Life,0,0
Perkz,Tactical,0,0
Perkz,CoreJJ,0,0
Perkz,Kaiser,0,0
Perkz,DuDu,0,0
Perkz,Nuguri,0,0
Perkz,ShowMaker,0,0
Perkz,Santorin,0,0
Perkz,Rascal,0,0
Perkz,Light,0,0
Perkz,Lwx,0,0
Perkz,Ghost,0,0
Perkz,Faker,0,0
Perkz,Ssumday,0,0
Perkz,Larssen,0,0
Perkz,Bdd,0,0
Perkz,BeryL,0,0
Perkz,Jiejie,0,0
Perkz,Canyon,0,0
Perkz,xiaolaohu,0,0
Perkz,Gumayusi,0,0
Perkz,Vsta,0,0
Perkz,Doinb,0,0
Perkz,Unified,0,0
Perkz,Willer,0,0
Perkz,Bwipo,0,0
Perkz,Alphari,0,0
Perkz,Meiko,0,0
Perkz,Carzzy,0,0
Perkz,Clid,0,0
Perkz,Oner,0,0
Yutapon,Hanabi,0,0
Yutapon,Inspired,0,0
Yutapon,Gaeng,0,0
Yutapon,Crisp,0,0
Yutapon,Tarzan,0,0
Yutapon,Steal,1,1
Yutapon,Ruler,0,0
Yutapon,Deft,0,0
Yutapon,Morgan,0,0
Yutapon,Upset,0,0
Yutapon,Khan,0,0
Yutapon,Blaber,0,0
Yutapon,Kaiwing,0,0
Yutapon,Iwandy,0,0
Yutapon,Keria,0,0
Yutapon,Ming,0,0
Yutapon,Hylissang,0,0
Yutapon,Life,0,0
Yutapon,Tactical,0,0
Yutapon,CoreJJ,0,0
Yutapon,Kaiser,0,0
Yutapon,DuDu,1,0
Yutapon,Nuguri,0,0
Yutapon,ShowMaker,0,0
Yutapon,Santorin,0,0
Yutapon,Rascal,0,0
Yutapon,Light,0,0
Yutapon,Lwx,0,0
Yutapon,Ghost,0,0
Yutapon,Faker,0,0
Yutapon,Ssumday,0,0
Yutapon,Larssen,0,0
Yutapon,Bdd,0,0
Yutapon,BeryL,0,0
Yutapon,Jiejie,0,0
Yutapon,Canyon,0,0
Yutapon,xiaolaohu,0,0
Yutapon,Gumayusi,0,0
Yutapon,Vsta,0,0
Yutapon,Doinb,0,0
Yutapon,Unified,0,0
Yutapon,Willer,0,0
Yutapon,Bwipo,0,0
Yutapon,Alphari,0,0
Yutapon,Meiko,0,0
Yutapon,Carzzy,0,0
Yutapon,Clid,0,0
Yutapon,Oner,0,0
Hanabi,Inspired,0,0
Hanabi,Gaeng,0,0
Hanabi,Crisp,1,0
Hanabi,Tarzan,0,0
Hanabi,Steal,0,0
Hanabi,Ruler,0,0
Hanabi,Deft,0,0
Hanabi,Morgan,0,0
Hanabi,Upset,0,0
Hanabi,Khan,0,0
Hanabi,Blaber,0,0
Hanabi,Kaiwing,0,0
Hanabi,Iwandy,0,0
Hanabi,Keria,0,0
Hanabi,Ming,0,0
Hanabi,Hylissang,0,0
Hanabi,Life,0,0
Hanabi,Tactical,0,0
Hanabi,CoreJJ,0,0
Hanabi,Kaiser,0,0
Hanabi,DuDu,0,0
Hanabi,Nuguri,0,0
Hanabi,ShowMaker,0,0
Hanabi,Santorin,0,0
Hanabi,Rascal,0,0
Hanabi,Light,0,0
Hanabi,Lwx,0,0
Hanabi,Ghost,0,0
Hanabi,Faker,0,0
Hanabi,Ssumday,0,1
Hanabi,Larssen,0,0
Hanabi,Bdd,0,0
Hanabi,BeryL,0,0
Hanabi,Jiejie,0,0
Hanabi,Canyon,0,0
Hanabi,xiaolaohu,0,0
Hanabi,Gumayusi,0,0
Hanabi,Vsta,0,1
Hanabi,Doinb,0,0
Hanabi,Unified,0,1
Hanabi,Willer,0,0
Hanabi,Bwipo,0,0
Hanabi,Alphari,0,0
Hanabi,Meiko,0,0
Hanabi,Carzzy,0,0
Hanabi,Clid,1,0
Hanabi,Oner,0,0
Inspired,Gaeng,0,0
Inspired,Crisp,0,0
Inspired,Tarzan,0,0
Inspired,Steal,0,0
Inspired,Ruler,0,0
Inspired,Deft,0,0
Inspired,Morgan,0,0
Inspired,Upset,0,0
Inspired,Khan,0,0
Inspired,Blaber,0,0
Inspired,Kaiwing,0,0
Inspired,Iwandy,0,0
Inspired,Keria,0,0
Inspired,Ming,0,0
Inspired,Hylissang,0,0
Inspired,Life,0,0
Inspired,Tactical,0,0
Inspired,CoreJJ,0,0
Inspired,Kaiser,0,0
Inspired,DuDu,0,0
Inspired,Nuguri,0,0
Inspired,ShowMaker,0,0
Inspired,Santorin,0,0
Inspired,Rascal,0,0
Inspired,Light,0,0
Inspired,Lwx,0,0
Inspired,Ghost,0,0
Inspired,Faker,0,0
Inspired,Ssumday,0,0
Inspired,Larssen,0,0
Inspired,Bdd,0,0
Inspired,BeryL,0,0
Inspired,Jiejie,0,0
Inspired,Canyon,0,0
Inspired,xiaolaohu,0,0
Inspired,Gumayusi,0,0
Inspired,Vsta,0,0
Inspired,Doinb,0,0
Inspired,Unified,0,0
Inspired,Willer,0,0
Inspired,Bwipo,0,0
Inspired,Alphari,0,0
Inspired,Meiko,0,0
Inspired,Carzzy,0,0
Inspired,Clid,0,0
Inspired,Oner,0,0
Gaeng,Crisp,0,0
Gaeng,Tarzan,0,0
Gaeng,Steal,2,0
Gaeng,Ruler,1,0
Gaeng,Deft,0,0
Gaeng,Morgan,0,0
Gaeng,Upset,0,0
Gaeng,Khan,0,0
Gaeng,Blaber,0,0
Gaeng,Kaiwing,0,0
Gaeng,Iwandy,0,0
Gaeng,Keria,0,0
Gaeng,Ming,0,0
Gaeng,Hylissang,1,0
Gaeng,Life,1,0
Gaeng,Tactical,0,0
Gaeng,CoreJJ,0,0
Gaeng,Kaiser,0,0
Gaeng,DuDu,1,0
Gaeng,Nuguri,0,0
Gaeng,ShowMaker,0,0
Gaeng,Santorin,0,0
Gaeng,Rascal,0,0
Gaeng,Light,0,0
Gaeng,Lwx,0,0
Gaeng,Ghost,0,0
Gaeng,Faker,0,0
Gaeng,Ssumday,0,0
Gaeng,Larssen,0,0
Gaeng,Bdd,0,0
Gaeng,BeryL,0,0
Gaeng,Jiejie,0,0
Gaeng,Canyon,0,0
Gaeng,xiaolaohu,0,0
Gaeng,Gumayusi,0,0
Gaeng,Vsta,0,0
Gaeng,Doinb,0,0
Gaeng,Unified,0,0
Gaeng,Willer,0,0
Gaeng,Bwipo,0,0
Gaeng,Alphari,0,0
Gaeng,Meiko,0,0
Gaeng,Carzzy,0,0
Gaeng,Clid,0,0
Gaeng,Oner,0,0
Crisp,Tarzan,0,0
Crisp,Steal,0,0
Crisp,Ruler,0,0
Crisp,Deft,0,0
Crisp,Morgan,0,0
Crisp,Upset,0,0
Crisp,Khan,1,0
Crisp,Blaber,1,0
Crisp,Kaiwing,0,0
Crisp,Iwandy,1,1
Crisp,Keria,0,0
Crisp,Ming,3,2
Crisp,Hylissang,0,0
Crisp,Life,0,0
Crisp,Tactical,1,0
Crisp,CoreJJ,0,0
Crisp,Kaiser,0,0
Crisp,DuDu,1,0
Crisp,Nuguri,5,3
Crisp,ShowMaker,1,0
Crisp,Santorin,2,0
Crisp,Rascal,0,1
Crisp,Light,0,2
Crisp,Lwx,0,0
Crisp,Ghost,0,0
Crisp,Faker,0,0
Crisp,Ssumday,0,0
Crisp,Larssen,0,0
Crisp,Bdd,0,0
Crisp,BeryL,0,0
Crisp,Jiejie,2,0
Crisp,Canyon,1,0
Crisp,xiaolaohu,0,1
Crisp,Gumayusi,2,4
Crisp,Vsta,0,0
Crisp,Doinb,3,0
Crisp,Unified,0,0
Crisp,Willer,0,0
Crisp,Bwipo,1,0
Crisp,Alphari,0,0
Crisp,Meiko,0,3
Crisp,Carzzy,0,0
Crisp,Clid,0,0
Crisp,Oner,0,0
Tarzan,Steal,0,0
Tarzan,Ruler,0,0
Tarzan,Deft,0,0
Tarzan,Morgan,0,0
Tarzan,Upset,0,0
Tarzan,Khan,0,0
Tarzan,Blaber,0,0
Tarzan,Kaiwing,0,0
Tarzan,Iwandy,2,4
Tarzan,Keria,1,0
Tarzan,Ming,0,1
Tarzan,Hylissang,0,0
Tarzan,Life,0,0
Tarzan,Tactical,0,0
Tarzan,CoreJJ,0,0
Tarzan,Kaiser,0,0
Tarzan,DuDu,1,1
Tarzan,Nuguri,0,1
Tarzan,ShowMaker,0,0
Tarzan,Santorin,0,1
Tarzan,Rascal,0,0
Tarzan,Light,0,1
Tarzan,Lwx,0,0
Tarzan,Ghost,0,0
Tarzan,Faker,0,1
Tarzan,Ssumday,0,0
Tarzan,Larssen,0,0
Tarzan,Bdd,1,0
Tarzan,BeryL,0,0
Tarzan,Jiejie,0,0
Tarzan,Canyon,0,0
Tarzan,xiaolaohu,1,0
Tarzan,Gumayusi,1,1
Tarzan,Vsta,1,0
Tarzan,Doinb,2,1
Tarzan,Unified,0,0
Tarzan,Willer,0,0
Tarzan,Bwipo,0,0
Tarzan,Alphari,0,0
Tarzan,Meiko,0,1
Tarzan,Carzzy,0,0
Tarzan,Clid,0,0
Tarzan,Oner,0,0
Steal,Ruler,0,0
Steal,Deft,0,0
Steal,Morgan,0,0
Steal,Upset,0,0
Steal,Khan,0,0
Steal,Blaber,0,0
Steal,Kaiwing,0,0
Steal,Iwandy,0,0
Steal,Keria,0,0
Steal,Ming,0,0
Steal,Hylissang,0,0
Steal,Life,0,0
Steal,Tactical,0,0
Steal,CoreJJ,0,0
Steal,Kaiser,0,0
Steal,DuDu,0,0
Steal,Nuguri,0,0
Steal,ShowMaker,0,0
Steal,Santorin,0,0
Steal,Rascal,0,0
Steal,Light,0,0
Steal,Lwx,0,0
Steal,Ghost,0,0
Steal,Faker,0,0
Steal,Ssumday,0,0
Steal,Larssen,0,0
Steal,Bdd,0,0
Steal,BeryL,0,0
Steal,Jiejie,0,0
Steal,Canyon,0,0
Steal,xiaolaohu,0,0
Steal,Gumayusi,0,0
Steal,Vsta,0,0
Steal,Doinb,0,0
Steal,Unified,0,0
Steal,Willer,0,0
Steal,Bwipo,0,0
Steal,Alphari,0,0
Steal,Meiko,0,0
Steal,Carzzy,0,0
Steal,Clid,0,0
Steal,Oner,0,0
Ruler,Deft,0,0
Ruler,Morgan,0,0
Ruler,Upset,0,0
Ruler,Khan,0,0
Ruler,Blaber,0,0
Ruler,Kaiwing,0,0
Ruler,Iwandy,1,0
Ruler,Keria,0,0
Ruler,Ming,0,0
Ruler,Hylissang,0,0
Ruler,Life,0,0
Ruler,Tactical,0,0
Ruler,CoreJJ,0,0
Ruler,Kaiser,0,0
Ruler,DuDu,0,0
Ruler,Nuguri,0,0
Ruler,ShowMaker,0,0
Ruler,Santorin,0,0
Ruler,Rascal,1,0
Ruler,Light,0,0
Ruler,Lwx,0,1
Ruler,Ghost,0,0
Ruler,Faker,1,0
Ruler,Ssumday,0,0
Ruler,Larssen,0,0
Ruler,Bdd,0,0
Ruler,BeryL,0,0
Ruler,Jiejie,0,0
Ruler,Canyon,0,0
Ruler,xiaolaohu,0,0
Ruler,Gumayusi,0,1
Ruler,Vsta,0,0
Ruler,Doinb,0,0
Ruler,Unified,0,0
Ruler,Willer,0,0
Ruler,Bwipo,0,0
Ruler,Alphari,0,0
Ruler,Meiko,0,0
Ruler,Carzzy,0,0
Ruler,Clid,3,1
Ruler,Oner,0,0
Deft,Morgan,2,2
Deft,Upset,0,0
Deft,Khan,0,0
Deft,Blaber,0,0
Deft,Kaiwing,0,0
Deft,Iwandy,0,0
Deft,Keria,0,0
Deft,Ming,0,0
Deft,Hylissang,0,0
Deft,Life,0,0
Deft,Tactical,0,0
Deft,CoreJJ,0,0
Deft,Kaiser,1,0
Deft,DuDu,0,0
Deft,Nuguri,0,0
Deft,ShowMaker,0,0
Deft,Santorin,0,0
Deft,Rascal,0,0
Deft,Light,0,0
Deft,Lwx,0,0
Deft,Ghost,0,0
Deft,Faker,0,0
Deft,Ssumday,0,0
Deft,Larssen,0,0
Deft,Bdd,0,0
Deft,BeryL,0,0
Deft,Jiejie,0,0
Deft,Canyon,0,0
Deft,xiaolaohu,0,1
Deft,Gumayusi,0,0
Deft,Vsta,0,2
Deft,Doinb,0,0
Deft,Unified,0,0
Deft,Willer,1,0
Deft,Bwipo,1,0
Deft,Alphari,0,0
Deft,Meiko,0,0
Deft,Carzzy,1,0
Deft,Clid,1,0
Deft,Oner,0,0
Morgan,Upset,0,0
Morgan,Khan,0,0
Morgan,Blaber,0,0
Morgan,Kaiwing,0,0
Morgan,Iwandy,0,0
Morgan,Keria,0,0
Morgan,Ming,0,0
Morgan,Hylissang,0,0
Morgan,Life,0,0
Morgan,Tactical,0,0
Morgan,CoreJJ,0,0
Morgan,Kaiser,1,0
Morgan,DuDu,0,0
Morgan,Nuguri,0,0
Morgan,ShowMaker,0,0
Morgan,Santorin,0,0
Morgan,Rascal,0,0
Morgan,Light,0,0
Morgan,Lwx,0,0
Morgan,Ghost,0,0
Morgan,Faker,0,0
Morgan,Ssumday,0,0
Morgan,Larssen,0,0
Morgan,Bdd,0,0
Morgan,BeryL,0,0
Morgan,Jiejie,0,0
Morgan,Canyon,0,0
Morgan,xiaolaohu,0,0
Morgan,Gumayusi,0,0
Morgan,Vsta,0,0
Morgan,Doinb,0,0
Morgan,Unified,0,0
Morgan,Willer,0,0
Morgan,Bwipo,0,0
Morgan,Alphari,0,0
Morgan,Meiko,0,0
Morgan,Carzzy,1,0
Morgan,Clid,0,0
Morgan,Oner,0,0
Upset,Khan,0,0
Upset,Blaber,0,0
Upset,Kaiwing,0,0
Upset,Iwandy,0,0
Upset,Keria,0,0
Upset,Ming,0,0
Upset,Hylissang,0,0
Upset,Life,0,0
Upset,Tactical,0,0
Upset,CoreJJ,0,0
Upset,Kaiser,0,0
Upset,DuDu,0,0
Upset,Nuguri,0,0
Upset,ShowMaker,0,0
Upset,Santorin,0,0
Upset,Rascal,0,1
Upset,Light,0,0
Upset,Lwx,0,0
Upset,Ghost,0,0
Upset,Faker,0,0
Upset,Ssumday,0,0
Upset,Larssen,0,0
Upset,Bdd,0,0
Upset,BeryL,0,0
Upset,Jiejie,0,0
Upset,Canyon,0,0
Upset,xiaolaohu,0,0
Upset,Gumayusi,0,0
Upset,Vsta,0,0
Upset,Doinb,0,0
Upset,Unified,0,0
Upset,Willer,0,0
Upset,Bwipo,0,0
Upset,Alphari,0,0
Upset,Meiko,0,0
Upset,Carzzy,0,0
Upset,Clid,0,0
Upset,Oner,0,0
Khan,Blaber,0,0
Khan,Kaiwing,1,0
Khan,Iwandy,3,0
Khan,Keria,0,0
Khan,Ming,0,0
Khan,Hylissang,0,0
Khan,Life,0,0
Khan,Tactical,0,0
Khan,CoreJJ,0,0
Khan,Kaiser,0,0
Khan,DuDu,0,0
Khan,Nuguri,0,0
Khan,ShowMaker,0,0
Khan,Santorin,0,0
Khan,Rascal,0,0
Khan,Light,0,0
Khan,Lwx,0,0
Khan,Ghost,0,0
Khan,Faker,0,0
Khan,Ssumday,1,0
Khan,Larssen,0,0
Khan,Bdd,0,2
Khan,BeryL,0,0
Khan,Jiejie,1,0
Khan,Canyon,0,0
Khan,xiaolaohu,2,0
Khan,Gumayusi,1,0
Khan,Vsta,0,1
Khan,Doinb,0,1
Khan,Unified,0,1
Khan,Willer,1,0
Khan,Bwipo,0,0
Khan,Alphari,0,1
Khan,Meiko,0,2
Khan,Carzzy,0,0
Khan,Clid,0,0
Khan,Oner,0,0
Blaber,Kaiwing,0,0
Blaber,Iwandy,0,0
Blaber,Keria,0,0
Blaber,Ming,0,0
Blaber,Hylissang,0,0
Blaber,Life,0,0
Blaber,Tactical,0,0
Blaber,CoreJJ,0,1
Blaber,Kaiser,0,1
Blaber,DuDu,0,0
Blaber,Nuguri,0,1
Blaber,ShowMaker,0,0
Blaber,Santorin,0,0
Blaber,Rascal,0,0
Blaber,Light,0,0
Blaber,Lwx,0,0
Blaber,Ghost,0,0
Blaber,Faker,0,0
Blaber,Ssumday,0,0
Blaber,Larssen,0,0
Blaber,Bdd,0,0
Blaber,BeryL,0,0
Blaber,Jiejie,0,0
Blaber,Canyon,1,0
Blaber,xiaolaohu,0,0
Blaber,Gumayusi,0,0
Blaber,Vsta,0,0
Blaber,Doinb,0,0
Blaber,Unified,0,0
Blaber,Willer,0,0
Blaber,Bwipo,0,3
Blaber,Alphari,0,0
Blaber,Meiko,0,0
Blaber,Carzzy,0,0
Blaber,Clid,0,0
Blaber,Oner,0,0
Kaiwing,Iwandy,0,0
Kaiwing,Keria,0,0
Kaiwing,Ming,0,0
Kaiwing,Hylissang,0,0
Kaiwing,Life,0,0
Kaiwing,Tactical,0,0
Kaiwing,CoreJJ,0,0
Kaiwing,Kaiser,0,0
Kaiwing,DuDu,0,0
Kaiwing,Nuguri,0,0
Kaiwing,ShowMaker,0,0
Kaiwing,Santorin,0,0
Kaiwing,Rascal,0,0
Kaiwing,Light,0,0
Kaiwing,Lwx,1,0
Kaiwing,Ghost,0,0
Kaiwing,Faker,0,1
Kaiwing,Ssumday,0,0
Kaiwing,Larssen,0,0
Kaiwing,Bdd,0,1
Kaiwing,BeryL,0,0
Kaiwing,Jiejie,0,0
Kaiwing,Canyon,0,0
Kaiwing,xiaolaohu,0,0
Kaiwing,Gumayusi,0,0
Kaiwing,Vsta,0,0
Kaiwing,Doinb,0,0
Kaiwing,Unified,0,0
Kaiwing,Willer,0,0
Kaiwing,Bwipo,0,0
Kaiwing,Alphari,0,0
Kaiwing,Meiko,0,0
Kaiwing,Carzzy,0,0
Kaiwing,Clid,0,0
Kaiwing,Oner,0,0
Iwandy,Keria,0,1
Iwandy,Ming,0,0
Iwandy,Hylissang,0,0
Iwandy,Life,0,0
Iwandy,Tactical,0,0
Iwandy,CoreJJ,1,1
Iwandy,Kaiser,0,1
Iwandy,DuDu,0,0
Iwandy,Nuguri,1,1
Iwandy,ShowMaker,0,1
Iwandy,Santorin,0,0
Iwandy,Rascal,3,0
Iwandy,Light,1,2
Iwandy,Lwx,0,0
Iwandy,Ghost,0,0
Iwandy,Faker,1,1
Iwandy,Ssumday,0,0
Iwandy,Larssen,0,1
Iwandy,Bdd,0,0
Iwandy,BeryL,0,0
Iwandy,Jiejie,2,1
Iwandy,Canyon,2,0
Iwandy,xiaolaohu,0,1
Iwandy,Gumayusi,1,1
Iwandy,Vsta,0,0
Iwandy,Doinb,1,2
Iwandy,Unified,0,0
Iwandy,Willer,0,0
Iwandy,Bwipo,1,0
Iwandy,Alphari,0,0
Iwandy,Meiko,2,3
Iwandy,Carzzy,1,2
Iwandy,Clid,0,0
Iwandy,Oner,0,0
Keria,Ming,0,0
Keria,Hylissang,0,0
Keria,Life,0,0
Keria,Tactical,0,0
Keria,CoreJJ,0,0
Keria,Kaiser,0,0
Keria,DuDu,1,0
Keria,Nuguri,0,0
Keria,ShowMaker,0,0
Keria,Santorin,0,0
Keria,Rascal,0,0
Keria,Light,0,0
Keria,Lwx,2,0
Keria,Ghost,1,1
Keria,Faker,0,1
Keria,Ssumday,0,0
Keria,Larssen,0,0
Keria,Bdd,1,1
Keria,BeryL,0,0
Keria,Jiejie,0,0
Keria,Canyon,0,0
Keria,xiaolaohu,0,0
Keria,Gumayusi,0,0
Keria,Vsta,1,0
Keria,Doinb,1,1
Keria,Unified,0,0
Keria,Willer,0,0
Keria,Bwipo,0,0
Keria,Alphari,0,0
Keria,Meiko,0,0
Keria,Carzzy,0,0
Keria,Clid,0,1
Keria,Oner,0,0
Ming,Hylissang,0,0
Ming,Life,0,0
Ming,Tactical,0,0
Ming,CoreJJ,0,0
Ming,Kaiser,0,0
Ming,DuDu,0,0
Ming,Nuguri,2,2
Ming,ShowMaker,0,0
Ming,Santorin,0,0
Ming,Rascal,0,0
Ming,Light,0,0
Ming,Lwx,0,0
Ming,Ghost,1,0
Ming,Faker,0,0
Ming,Ssumday,0,0
Ming,Larssen,0,0
Ming,Bdd,0,0
Ming,BeryL,0,0
Ming,Jiejie,0,0
Ming,Canyon,0,0
Ming,xiaolaohu,0,0
Ming,Gumayusi,0,2
Ming,Vsta,0,0
Ming,Doinb,0,0
Ming,Unified,0,0
Ming,Willer,0,0
Ming,Bwipo,0,0
Ming,Alphari,0,0
Ming,Meiko,1,0
Ming,Carzzy,0,0
Ming,Clid,1,0
Ming,Oner,0,0
Hylissang,Life,0,0
Hylissang,Tactical,0,0
Hylissang,CoreJJ,0,0
Hylissang,Kaiser,0,0
Hylissang,DuDu,0,0
Hylissang,Nuguri,0,0
Hylissang,ShowMaker,0,0
Hylissang,Santorin,0,0
Hylissang,Rascal,0,1
Hylissang,Light,0,0
Hylissang,Lwx,0,0
Hylissang,Ghost,0,0
Hylissang,Faker,0,0
Hylissang,Ssumday,0,0
Hylissang,Larssen,0,0
Hylissang,Bdd,0,0
Hylissang,BeryL,0,0
Hylissang,Jiejie,0,0
Hylissang,Canyon,0,0
Hylissang,xiaolaohu,0,0
Hylissang,Gumayusi,0,0
Hylissang,Vsta,0,0
Hylissang,Doinb,0,0
Hylissang,Unified,0,0
Hylissang,Willer,0,0
Hylissang,Bwipo,0,0
Hylissang,Alphari,0,0
Hylissang,Meiko,0,0
Hylissang,Carzzy,0,0
Hylissang,Clid,0,0
Hylissang,Oner,0,0
Life,Tactical,0,0
Life,CoreJJ,0,0
Life,Kaiser,0,0
Life,DuDu,0,0
Life,Nuguri,0,0
Life,ShowMaker,0,0
Life,Santorin,0,0
Life,Rascal,0,0
Life,Light,0,0
Life,Lwx,0,0
Life,Ghost,1,0
Life,Faker,0,0
Life,Ssumday,0,0
Life,Larssen,0,0
Life,Bdd,0,0
Life,BeryL,0,0
Life,Jiejie,0,0
Life,Canyon,0,0
Life,xiaolaohu,0,0
Life,Gumayusi,0,1
Life,Vsta,0,0
Life,Doinb,0,1
Life,Unified,0,0
Life,Willer,0,0
Life,Bwipo,0,0
Life,Alphari,0,0
Life,Meiko,0,0
Life,Carzzy,0,0
Life,Clid,0,2
Life,Oner,0,0
Tactical,CoreJJ,3,0
Tactical,Kaiser,0,0
Tactical,DuDu,0,0
Tactical,Nuguri,0,0
Tactical,ShowMaker,0,0
Tactical,Santorin,0,0
Tactical,Rascal,0,1
Tactical,Light,1,0
Tactical,Lwx,0,0
Tactical,Ghost,0,0
Tactical,Faker,0,0
Tactical,Ssumday,0,0
Tactical,Larssen,0,0
Tactical,Bdd,0,0
Tactical,BeryL,0,0
Tactical,Jiejie,1,0
Tactical,Canyon,1,0
Tactical,xiaolaohu,0,0
Tactical,Gumayusi,0,0
Tactical,Vsta,0,0
Tactical,Doinb,0,0
Tactical,Unified,0,0
Tactical,Willer,0,0
Tactical,Bwipo,0,0
Tactical,Alphari,0,0
Tactical,Meiko,0,0
Tactical,Carzzy,2,1
Tactical,Clid,0,0
Tactical,Oner,1,1
CoreJJ,Kaiser,1,0
CoreJJ,DuDu,0,0
CoreJJ,Nuguri,1,2
CoreJJ,ShowMaker,0,0
CoreJJ,Santorin,0,0
CoreJJ,Rascal,0,0
CoreJJ,Light,0,1
CoreJJ,Lwx,0,0
CoreJJ,Ghost,0,0
CoreJJ,Faker,0,0
CoreJJ,Ssumday,0,0
CoreJJ,Larssen,0,0
CoreJJ,Bdd,0,0
CoreJJ,BeryL,0,0
CoreJJ,Jiejie,0,0
CoreJJ,Canyon,1,1
CoreJJ,xiaolaohu,1,0
CoreJJ,Gumayusi,0,0
CoreJJ,Vsta,0,0
CoreJJ,Doinb,1,0
CoreJJ,Unified,0,0
CoreJJ,Willer,0,0
CoreJJ,Bwipo,0,0
CoreJJ,Alphari,2,1
CoreJJ,Meiko,0,0
CoreJJ,Carzzy,0,3
CoreJJ,Clid,1,0
CoreJJ,Oner,0,6
Kaiser,DuDu,0,0
Kaiser,Nuguri,0,0
Kaiser,ShowMaker,0,0
Kaiser,Santorin,0,0
Kaiser,Rascal,0,0
Kaiser,Light,0,1
Kaiser,Lwx,0,0
Kaiser,Ghost,0,0
Kaiser,Faker,1,0
Kaiser,Ssumday,0,0
Kaiser,Larssen,0,0
Kaiser,Bdd,0,0
Kaiser,BeryL,0,0
Kaiser,Jiejie,0,0
Kaiser,Canyon,1,0
Kaiser,xiaolaohu,0,1
Kaiser,Gumayusi,1,0
Kaiser,Vsta,0,0
Kaiser,Doinb,0,0
Kaiser,Unified,0,0
Kaiser,Willer,0,1
Kaiser,Bwipo,1,3
Kaiser,Alphari,0,0
Kaiser,Meiko,0,0
Kaiser,Carzzy,2,0
Kaiser,Clid,0,0
Kaiser,Oner,0,0
DuDu,Nuguri,0,1
DuDu,ShowMaker,0,0
DuDu,Santorin,0,0
DuDu,Rascal,0,0
DuDu,Light,0,0
DuDu,Lwx,0,1
DuDu,Ghost,0,0
DuDu,Faker,0,0
DuDu,Ssumday,0,0
DuDu,Larssen,0,0
DuDu,Bdd,0,0
DuDu,BeryL,0,0
DuDu,Jiejie,0,0
DuDu,Canyon,0,0
DuDu,xiaolaohu,0,0
DuDu,Gumayusi,0,2
DuDu,Vsta,0,2
DuDu,Doinb,0,0
DuDu,Unified,0,0
DuDu,Willer,0,1
DuDu,Bwipo,1,0
DuDu,Alphari,0,0
DuDu,Meiko,0,0
DuDu,Carzzy,0,0
DuDu,Clid,0,0
DuDu,Oner,0,0
Nuguri,ShowMaker,1,1
Nuguri,Santorin,1,0
Nuguri,Rascal,2,0
Nuguri,Light,0,0
Nuguri,Lwx,0,0
Nuguri,Ghost,1,0
Nuguri,Faker,1,0
Nuguri,Ssumday,0,0
Nuguri,Larssen,1,0
Nuguri,Bdd,0,0
Nuguri,BeryL,0,0
Nuguri,Jiejie,1,1
Nuguri,Canyon,2,0
Nuguri,xiaolaohu,0,1
Nuguri,Gumayusi,4,0
Nuguri,Vsta,0,0
Nuguri,Doinb,3,1
Nuguri,Unified,0,0
Nuguri,Willer,0,0
Nuguri,Bwipo,1,0
Nuguri,Alphari,2,0
Nuguri,Meiko,1,1
Nuguri,Carzzy,1,1
Nuguri,Clid,0,0
Nuguri,Oner,1,3
ShowMaker,Santorin,0,0
ShowMaker,Rascal,0,1
ShowMaker,Light,1,2
ShowMaker,Lwx,0,0
ShowMaker,Ghost,0,0
ShowMaker,Faker,0,0
ShowMaker,Ssumday,0,0
ShowMaker,Larssen,0,0
ShowMaker,Bdd,0,0
ShowMaker,BeryL,0,0
ShowMaker,Jiejie,1,1
ShowMaker,Canyon,0,0
ShowMaker,xiaolaohu,1,0
ShowMaker,Gumayusi,0,0
ShowMaker,Vsta,0,0
ShowMaker,Doinb,0,0
ShowMaker,Unified,0,0
ShowMaker,Willer,0,0
ShowMaker,Bwipo,1,0
ShowMaker,Alphari,0,1
ShowMaker,Meiko,1,0
ShowMaker,Carzzy,0,0
ShowMaker,Clid,0,0
ShowMaker,Oner,2,1
Santorin,Rascal,0,0
Santorin,Light,0,0
Santorin,Lwx,0,0
Santorin,Ghost,0,0
Santorin,Faker,0,0
Santorin,Ssumday,0,1
Santorin,Larssen,0,0
Santorin,Bdd,0,1
Santorin,BeryL,0,0
Santorin,Jiejie,0,0
Santorin,Canyon,0,0
Santorin,xiaolaohu,0,0
Santorin,Gumayusi,0,0
Santorin,Vsta,0,0
Santorin,Doinb,0,0
Santorin,Unified,0,0
Santorin,Willer,0,0
Santorin,Bwipo,0,0
Santorin,Alphari,0,0
Santorin,Meiko,0,0
Santorin,Carzzy,0,0
Santorin,Clid,0,0
Santorin,Oner,0,0
Rascal,Light,0,0
Rascal,Lwx,1,0
Rascal,Ghost,0,0
Rascal,Faker,0,1
Rascal,Ssumday,1,0
Rascal,Larssen,0,1
Rascal,Bdd,1,0
Rascal,BeryL,0,0
Rascal,Jiejie,0,0
Rascal,Canyon,0,1
Rascal,xiaolaohu,2,2
Rascal,Gumayusi,0,1
Rascal,Vsta,0,0
Rascal,Doinb,0,1
Rascal,Unified,0,0
Rascal,Willer,0,0
Rascal,Bwipo,0,0
Rascal,Alphari,0,0
Rascal,Meiko,2,0
Rascal,Carzzy,1,0
Rascal,Clid,0,0
Rascal,Oner,1,1
Light,Lwx,0,0
Light,Ghost,0,0
Light,Faker,0,0
Light,Ssumday,0,0
Light,Larssen,0,0
Light,Bdd,0,0
Light,BeryL,0,0
Light,Jiejie,1,0
Light,Canyon,0,0
Light,xiaolaohu,0,1
Light,Gumayusi,0,0
Light,Vsta,0,0
Light,Doinb,0,0
Light,Unified,0,0
Light,Willer,0,0
Light,Bwipo,0,0
Light,Alphari,0,0
Light,Meiko,0,0
Light,Carzzy,0,0
Light,Clid,0,0
Light,Oner,0,0
Lwx,Ghost,0,0
Lwx,Faker,0,2
Lwx,Ssumday,0,0
Lwx,Larssen,0,0
Lwx,Bdd,0,0
Lwx,BeryL,0,0
Lwx,Jiejie,1,0
Lwx,Canyon,0,0
Lwx,xiaolaohu,0,0
Lwx,Gumayusi,0,1
Lwx,Vsta,1,0
Lwx,Doinb,2,2
Lwx,Unified,0,0
Lwx,Willer,0,0
Lwx,Bwipo,0,0
Lwx,Alphari,0,0
Lwx,Meiko,0,1
Lwx,Carzzy,0,0
Lwx,Clid,0,0
Lwx,Oner,0,0
Ghost,Faker,1,0
Ghost,Ssumday,1,1
Ghost,Larssen,0,0
Ghost,Bdd,0,0
Ghost,BeryL,0,0
Ghost,Jiejie,0,0
Ghost,Canyon,0,0
Ghost,xiaolaohu,0,0
Ghost,Gumayusi,1,0
Ghost,Vsta,0,1
Ghost,Doinb,1,0
Ghost,Unified,0,0
Ghost,Willer,1,0
Ghost,Bwipo,0,0
Ghost,Alphari,0,0
Ghost,Meiko,0,0
Ghost,Carzzy,0,0
Ghost,Clid,0,0
Ghost,Oner,0,0
Faker,Ssumday,1,0
Faker,Larssen,0,0
Faker,Bdd,0,0
Faker,BeryL,0,0
Faker,Jiejie,0,1
Faker,Canyon,0,0
Faker,xiaolaohu,0,0
Faker,Gumayusi,0,2
Faker,Vsta,0,0
Faker,Doinb,0,0
Faker,Unified,0,0
Faker,Willer,0,0
Faker,Bwipo,0,0
Faker,Alphari,0,0
Faker,Meiko,0,0
Faker,Carzzy,0,1
Faker,Clid,1,0
Faker,Oner,0,0
Ssumday,Larssen,0,0
Ssumday,Bdd,0,2
Ssumday,BeryL,0,0
Ssumday,Jiejie,1,0
Ssumday,Canyon,0,0
Ssumday,xiaolaohu,0,1
Ssumday,Gumayusi,0,0
Ssumday,Vsta,0,0
Ssumday,Doinb,0,0
Ssumday,Unified,0,0
Ssumday,Willer,0,0
Ssumday,Bwipo,0,0
Ssumday,Alphari,0,0
Ssumday,Meiko,0,1
Ssumday,Carzzy,0,0
Ssumday,Clid,0,1
Ssumday,Oner,0,0
Larssen,Bdd,0,0
Larssen,BeryL,0,0
Larssen,Jiejie,0,0
Larssen,Canyon,0,1
Larssen,xiaolaohu,0,1
Larssen,Gumayusi,0,0
Larssen,Vsta,0,0
Larssen,Doinb,0,0
Larssen,Unified,0,0
Larssen,Willer,0,0
Larssen,Bwipo,0,0
Larssen,Alphari,0,1
Larssen,Meiko,0,0
Larssen,Carzzy,0,0
Larssen,Clid,0,0
Larssen,Oner,0,1
Bdd,BeryL,0,0
Bdd,Jiejie,1,0
Bdd,Canyon,0,0
Bdd,xiaolaohu,1,0
Bdd,Gumayusi,0,0
Bdd,Vsta,0,0
Bdd,Doinb,1,0
Bdd,Unified,1,0
Bdd,Willer,0,0
Bdd,Bwipo,0,0
Bdd,Alphari,0,0
Bdd,Meiko,0,0
Bdd,Carzzy,0,0
Bdd,Clid,0,1
Bdd,Oner,0,1
BeryL,Jiejie,0,0
BeryL,Canyon,0,0
BeryL,xiaolaohu,0,0
BeryL,Gumayusi,0,0
BeryL,Vsta,0,0
BeryL,Doinb,0,0
BeryL,Unified,0,0
BeryL,Willer,0,0
BeryL,Bwipo,0,0
BeryL,Alphari,0,0
BeryL,Meiko,0,0
BeryL,Carzzy,0,0
BeryL,Clid,0,0
BeryL,Oner,0,0
Jiejie,Canyon,0,1
Jiejie,xiaolaohu,0,0
Jiejie,Gumayusi,0,0
Jiejie,Vsta,0,0
Jiejie,Doinb,3,0
Jiejie,Unified,0,0
Jiejie,Willer,0,0
Jiejie,Bwipo,1,0
Jiejie,Alphari,0,0
Jiejie,Meiko,1,1
Jiejie,Carzzy,0,0
Jiejie,Clid,0,0
Jiejie,Oner,2,0
Canyon,xiaolaohu,2,0
Canyon,Gumayusi,0,1
Canyon,Vsta,0,0
Canyon,Doinb,0,0
Canyon,Unified,0,0
Canyon,Willer,0,0
Canyon,Bwipo,0,0
Canyon,Alphari,1,2
Canyon,Meiko,0,2
Canyon,Carzzy,0,1
Canyon,Clid,0,0
Canyon,Oner,3,1
xiaolaohu,Gumayusi,1,1
xiaolaohu,Vsta,0,0
xiaolaohu,Doinb,0,0
xiaolaohu,Unified,0,1
xiaolaohu,Willer,0,0
xiaolaohu,Bwipo,0,0
xiaolaohu,Alphari,0,1
xiaolaohu,Meiko,1,1
xiaolaohu,Carzzy,1,0
xiaolaohu,Clid,0,0
xiaolaohu,Oner,2,0
Gumayusi,Vsta,1,1
Gumayusi,Doinb,0,0
Gumayusi,Unified,0,0
Gumayusi,Willer,1,0
Gumayusi,Bwipo,0,0
Gumayusi,Alphari,0,1
Gumayusi,Meiko,0,1
Gumayusi,Carzzy,0,1
Gumayusi,Clid,1,0
Gumayusi,Oner,1,1
Vsta,Doinb,0,0
Vsta,Unified,0,0
Vsta,Willer,1,1
Vsta,Bwipo,1,0
Vsta,Alphari,0,0
Vsta,Meiko,0,0
Vsta,Carzzy,0,0
Vsta,Clid,0,0
Vsta,Oner,0,0
Doinb,Unified,0,0
Doinb,Willer,0,0
Doinb,Bwipo,0,0
Doinb,Alphari,0,0
Doinb,Meiko,0,2
Doinb,Carzzy,0,0
Doinb,Clid,1,0
Doinb,Oner,0,0
Unified,Willer,0,0
Unified,Bwipo,1,0
Unified,Alphari,0,0
Unified,Meiko,0,0
Unified,Carzzy,0,0
Unified,Clid,0,0
Unified,Oner,0,0
Willer,Bwipo,0,0
Willer,Alphari,0,0
Willer,Meiko,0,0
Willer,Carzzy,1,0
Willer,Clid,0,0
Willer,Oner,0,0
Bwipo,Alphari,0,0
Bwipo,Meiko,0,0
Bwipo,Carzzy,0,0
Bwipo,Clid,0,0
Bwipo,Oner,0,0
Alphari,Meiko,0,0
Alphari,Carzzy,0,0
Alphari,Clid,0,0
Alphari,Oner,1,0
Meiko,Carzzy,1,0
Meiko,Clid,1,0
Meiko,Oner,0,0
Carzzy,Clid,0,0
Carzzy,Oner,0,0
Clid,Oner,0,0
